contract_address,malicious
0x0173661769325565d4f011b2e5cda688689cc87c,0
0x018c3193b39f5a0dd5a578ac204ea12604056d04,0
0x002d3737e074fb4521036f2c41beba05d221ba69,0
0x01a75fb1a4b1a8f699fd00ad051f9100ebecec42,0
0x00813e3421e1367353bfe7615c7f7f133c89df74,0
0x005019e7978826f415ba7ab77a2722e3063e0c87,0
0x016cd7b70373a58a0e27051e089d7f02bfcd8127,0
0x01b8bcc8b75dd86025b455373f3c0814a060e6a8,0
0x0069ca41fd66a0ac174db98c8fedc128c985b5f5,0
0x00e56a9fe0d1b6ab7b01e1dff8c8a029bfd6a48e,0
0x005b584315d7c47bb5fca504ac0d8df56aea40f9,0
0x01266bbeb674c25d4850d5b922416a4b09b834d6,0
0x05255c5bd33672b9fea4129c13274d1e6193312d,0
0x89a1fbecc9ff1f1459843e4c67cf9b176e362f8332eba7135a1d17c05439cd65,1
0x4671b1cb652230255c638b9036eb995db92c4efeca3473f39b0f39f9f0779d64,1
0x004ce92e66d6caf1ac5cf05a7917e57f515af5c5,0
0x01aabbad98a7638b7f8d65e7ec42560f1afbbf0c,0
0x00000000006c3852cbef3e08e8df289169ede581,0
0x7f777a94444ff4c85b00698e918e5b340afdd6d6ae95431ca0b91b3da1fec477,1
0x00774f111937ce79e81423951bb457690a798087,0
0x00953df8289165834539f5fdbc2bf40fa1538840,0
0x478d724da4e6125c889053ccf6068ed0f8f8013dd20bc80bab6a203542c3f93d,1
0x1a595d10be428e49dd3558859743fe4bc4570545a55d357f405bd630061c6be0,1
0x00ad8ebf64f141f1c81e9f8f792d3d1631c6c684,0
0x01875c08c9409d7ab88ccfc39c1aea70515432e4,0
0x00fbe7398d9f0d53fbaef6e2f4c6ab0e7c31f5d7,0
0x208f27f35fe302366252741c8cebe0d8861859ae9d7b17f8b2c62156bf5c8e4f,1
0x01491119b62785f8fc3ba839aef26c4ac5f56d1e,0
0x0169fcf293c3eb55315cf617f95030392bc781d2,0
0x00c396383400a1ef2eb401052dbf5d989b2da481,0
0x00865a6ca2529862be9344c4f88800741b737ee9,0
0x012084263ce946d150f53bfe0a4927f209295318,0
0x316f42c37c4707b7647d029367050b3a1bc5e3d2e0707f5232c09dab5c2e0dfb,1
0x015aef52ebfc64d6336a918b9de86af3ef31c865,0
0x0142237e9f1efc97cb3f1241d6777f4dd65ff016,0
0x01c51e840c0f192ee6d4e09805d8eff468a307ba,0
0x0170915a0a6de6eb8dfc4e0f7415ad5a5a2be180,0
0x016cb05fe18c0960a605a3a25320439c20824aac,0
0x00a9205611cc32ec9c0d16fc58f31b9355ec7ade,0
0x0078299b35a5c2511abbd2e7213791df44452b77,0
0xff732b8f33304caeb54ebe2f88b568fb44f966ba7a76a388abe1f62fdbc7e621,1
0x002f0b1a71c5730cf2f4da1970a889207bdb6d0d,0
0x014719093f05dff0fef7c246995b0bc16f482e35,0
0xd9e10bad6b49efa18890eb216ac1a81c8f055fecb8a410595f4c40498a10b5ca,1
0x00377d6c82df8f63163ff828760b2a5d935734cf,0
0xcd0819610b693c8c5f8d2e52564c520804fb1ef54f75f6a9383f70964f001474,1
0x0071be3f40abd73e0afb0068301adaadf3696c99,0
0x00f7a5c6e9d3f358889d61356b7f5c938180aa0e,0
0xf8387acb9aa7097c5bea3d3638a5c9df961ccca425a4e3dd16982e7d2d8516fc,1
0x012d027a3a984b22315f596cbeff0fb4c5f5d9d8,0
0x010c282118aa76174ce5952572ba715cf60a0c9b,0
0x242a0fb4fde9de0dc2fd42e8db743cbc197ffa2bf6a036ba0bba303df296408b,1
0x006e003d2b6eb9cc962ba6979ef7dbfc477e8122,0
0x008ab087efff5b764c185facdb959bd052e979ce,0
0x00927469d94b0b20f5bb2a5fa70a3d182d33c914,0
0x01f2b0cfd076ae06c3034da69e23948a0338720a,0
0x0002e63328169d7feea121f1e32e4f620abf0352,0
0x1319a80286b9c229a2d7566e21d7476b792956e4b59ee00d26449b6b77f2bcd0,1
0x0181d088c8dd0fa1a8f5d321db17112aa66678c6,0
0x0016e7ef098ce56339296292da92ae1b7228d433,0
0x00bded7f4d426740f6dcd35ccff1a16fc10b7ac2,0
0x00cdc65065248e046fbace13745c8e0a82593372,0
0xdd9525f40892aec52b7a1799a1294db435725556da555b6ec0a549e1f600f830,1
0x5aa0742d19ec00705bdfe40e2e717ae6d5448151a552496083d72136549b7583,1
0x004256075e7ade2412a71427a6dd34060358dbad,0
0x00aba6fe5557de1a1d565658cbddddf7c710a1eb,0
0x67218c68212ef17dc12697e1262685bd6b595ca472ba794c45fd5856c9deb884,1
0x011535fd795fd28c749363e080662d62fbb456a7,0
0x0167e9bcc26d02bf71113bbd1b6ea8c9549cd52c,0
0x91cf4479b60a7187101b515dee1936702bdbd9937688822c8ef086532d16f9f7,1
0x4bf905d8cf79acae943bc811071a1c63fa054e269230cf120a00a69076e56348,1
0x003ed3a4e2e9a4a91a56dc2adccb9d23cc0e3851,0
0x01c2d503c83a40a91986d54a804935622d5f756c,0
0x01597e397605bf280674bf292623460b4204c375,0
0x009fd3286233652c7e28d0555c11b41793c9b828,0
0x00c2982959f852abbdb0f5ec023609ea1ca579e8,0
0x01285d34fe29262a61788775df716acc7ddf897c,0
0x00f09108cffeb1209cc301df9fd86bdd2d52d38c,0
0x032c9e7fa7d1697fa64fd4a59f0d08278d27aa537525e9bd17f71f01d36b8b6a,1
0x01000f624c247e4003bc4d1b82aa19633139d630,0
0x0194512e77d798e4871973d9cb9d7ddfc0ffd801,0
0x00c7c359179bf9b72c4f93bdaef19c39a736ae93,0
0x00169b1dd92b039a94d33f65c31bf1c297657a72,0
0x000c100050e98c91f9114fa5dd75ce6869bf4f53,0
0x001575786dfa7b9d9d1324ec308785738f80a951,0
0x006c7b41fafe9d8e105b90bb5e035c4314f62676,0
0x00dea398a2d404a19f665e90c64b44c6409bc7d1,0
0x00e8296303e73958841434508312d95a9b199e63,0
0x00fe2044ab39f676d02a4fc8d3ed46e82ea13f51,0
0x00611c6b4762de023ad3903deb7a1094ab7aca2c,0
0x48164302b6aa75a14ef4062cadb09fdd64e4b193fac50a8c5008117c77dbcd8f,1
0x24c29a858375c3f7012719ce899be0d8857f62200b592a1d201e316e9e917873,1
0x007810366aed6ed62af3240def95879c0f20b8c4,0
0x00eefa8135c606ea0d7a1bdbe0b5689b0e571a5e,0
0x0120b5473cc9b28321a8f6e712cb5b4d2df32b31,0
0xa9665b4194ce8523035eaac41b4acf47a57da027ded3d42e21ad3dbf416c9493,1
0x40314753457a15b21e6c67b981e08fc881750c609fd91b4eeb365a06d969be82,1
0x0045684552109f8551cc5c8aa7b1f52085adff47,0
0x03f4d1ea1b375f96c919164418cf1c7bd8b4157f,0
0xdb4616b89ad82062787a4e924d520639791302476484b9a6eca5126f79b6d877,1
0x030f1d2b832f4cf6a9168cc4ac578d2316f1500b,0
0x0160fb79e65bec0f16d750098951c26950adc5ed,0
0x0198f46f520f33cd4329bd4be380a25a90536cd5,0
0xe8ff5cb1d578d5b29ac409cfc0b88d90ec551673dbe739bb2c9ed8682b658e84,1
0x015ed76723aaf0ef9960dd66631d2ecac77e4156,0
0x00a5ea35b5d58a1d12b77de6ab354fe6ef8242f9,0
0x00ca860ed54805ea8c7e86433b06fb20a9c296f6,0
0x015ee710300e80b0c8430a6eb0e8680f25bf2a7f,0
0x0020d80229877b495d2bf3269a4c13f6f1e1b9d3,0
0x0569d3889376affa3a8c442119508d655610179e,0
0x000000000437b3cce2530936156388bff5578fc3,0
0x52fcd1bcc571d5e3e6aa93a818871649eb09e8d3815e0d543168da0914cc998c,1
0x005e3dc62b7a269bef2a7d06e06cc0c991375c6f,0
0x009ce22f8cfc5503e49dd802d5e48579d2072742,0
0x4434f1bc86b5daecf549b22ca9b160776329dbc616070ba2e398fecaaf946ae3,1
0x007e383bf3c3ffa12a5de06a53bab103335eff28,0
0x008f21c2909c2464b94e29d53827ba9fcccad7d4,0
0x01c41b30eabe98f8526fd4e3406db519793f7a27,0
0x00a8097a78893fb4623854d78f154b1034245191,0
0x00fb2cbb50fe0c99aefb2066b78916d948165189,0
0x014e42ae89b24738591e2f695e1ef6d95bd38619,0
0xfd3d56c732e710855907ac72211e4f5a5f697b7b1c14160c41a13a84cb3bb3df,1
0x9d98877a933c08edb7bb8d8167d2b931631bb30a9c6a5cf28d1cb5deea541fe6,1
0x1886da396650f668999fd21b0ad269599b64193fd7eaba56cffbbdb68e712d69,1
0x013ae307648f529aa72c5767a334ddd37aab43c3,0
0x6f740b052e5ea6e16abefd59da99a670e044439b5244ca507d91fbd8a0d14779,1
0x03ffc218c7a9306d21193565cbdc4378952faa8c,0
0x00bd8f77a6222a17cda498807fa938031e158298,0
0x012a47d45f077796282f22220d3844c4d72504aa,0
0x018befb7d1f3e84948466ef15cc46baf9ba5295f,0
0x5e989304b1fb61ea0652db4d0f9476b8882f27191c1f1d2841f8977cb8c5284c,1
0x0008b0650eb2faf50cf680c07d32e84be1c0f07e,0
0x3c25b170a1690602d994cdafad49805fa07e6309ab3a80ceccef0aed9f5271a7,1
0x8f532b0536411e7dfc5788dce56746d2803211580b6008211b77db8441faf307,1
0x003d5a75d284824af736df51933be522de9eed0f,0
0x0086e1e119ecc95be344c3efca7b39f15a01b423,0
0xec06fee586aea310b31600f3c53f9e4a6eef9aa8311863f4cd4160523676683a,1
0x01688e1a356c38a8ed7c565bf6c6bfd59543a560,0
0x4a3dd10795e8dd0955b87f9a5b740dae3d160cd27bd448f889aa3465412b0f54,1
0x01914e3234b7f4807cc07458994e7c48ed844b11,0
0xbc3a266980059dbf5cfb1439bf1203bb9aca2de3cc35e08d2e80e4e0c0d38647,1
0x01c67791309c71aa4ed373025a0c089696d7c9e4,0
0x17c18b25ce5c56f54f9b7b2f537c38353b16073f992c2aa2bec6db7854c5b565,1
0x5327d5a298f50e26d6c57477e830de6a68c6539d6f0b886760d3d0f160ed5349,1
0xc84f5fb9d23c9f75a2e1479570de15c4865a2e3cbc363fd7d7c92ae04a42b127,1
0x005c1cfc36e5ec711bcac7eddbde7898fb332b47,0
0xfb2b809d6ab03359cb7fd02bc7f9414403eb5d11491d814bbb7442199eba9251,1
0x00fce43dac3d1352af42b4f3ed84ba5407e66d97,0
0x0179bef611a0d8cb80e74db31015275e0499575d,0
0x0103659724f8f40d92bf1329b8346847fe7c81ce,0
0x001602799ee561c9f9405176d33eba6f29ce3386,0
0x01a06b9f79a9bef61ec3c4f82c76b00acaa4d5f6,0
0x013183d8e0a14a843aa3bc170a29f959d9614d28,0
0x00d51de2a114d5cb1b68fec719f4f92321cfe6ed,0
0x005dc1ad81c779f4335ce905fb4bdca40746489a,0
0x007cdb805e26faa16b42bb2e018c0c65aae94857,0
0x0016d34783efcb7a693903e60fbe4c9c0d98f583,0
0xb9e7f2d73efeb77079edf49a8ba65732dbff4aec790ccf6141a48522b71cb2d4,1
0x000a909fb5f90fd6c5406b6ea68158d1392a69c7,0
0x017b584acfd16d767541ae9e80cdc702f4527b0b,0
0xac9cd53202912c12fc5923633656aeeb9d25e92e745b3e72c51c97589e8815c1,1
0x8af9b5fb3e2e3df8659ffb2e0f0c1f4c90d5a80f4f6fccef143b823ce673fb60,1
0x87b94774652df9c0be2be93d060d9fc72102c7c3ecd8ffa3262850337491d2f7,1
0x00c315ac9ff89bb6afa7524cd159f0a9766e8c89,0
0xd23691cdccd7a88d9864a224e19404f6609627b77f7eb57c9fdd7ec402b2813e,1
0x00ef6a5a141eabea8588c8100a96f9773b5ccaf6,0
0x0023622b8a0ca546b9988df4c9a445b9f423270d,0
0x00f81cc5e23b6d3e0cdbd947a37e2b2abbc6a422,0
0x0006abbe90dc7e63fb9161969a5c9ee7ad62e901,0
0x003625571edc6d3350c09d250ba0cc7c6be84e74,0
0x01c3f41e86134b811ad99c2be6ed4397e902f02e,0
0x00d336082e3f555dcfd3ef17bb2fafb5708a61e9,0
0x1d6e1dda9fff4ab6075518f3b3b9a9ec3ce9d005eb97151e07ce0ff75727a0ad,1
0x01571bfa2514b5cc84262253f19c9c39ed58e682,0
0x65f5c790525bc7a320c62bbe7f06111e5e43162dff309ffa7da5bc68c6a95344,1
0x01221b21bb5cc0e29aaa4403afa29487bc62b358,0
0x005d1123878fc55fbd56b54c73963b234a64af3c,0
0xa194eb8e4cfb8e25a01f15d8ef98c49998b89d336f99a3de5108bd57c580fd02,1
0x01c1adb4ad6678d2bf2b772301f111d257b7b109,0
0x013cb1a40bd16de0eebe51c44695f6d29bb14081,0
0x01625ace051b88fb8dcb3847406fbe99afa1c962,0
0x574ff7f1d98518427042b38a2d85c8e540cc0d3544bff7b7b2eb341898a15ed2,1
0xb6dffcc12a6d7d617842d0d1f9dfd47eab02af3d9325e162d5e32c2366fa3394,1
0x6b6c24f460c244be51214e3bc91e9dc7ed3ab980c47865fd47c89fae28bb3e4c,1
0x0062b396597fe833ce110672f81d411f4e5042f0,0
0x494b578bce7572e4fb8b1357ddf12754a28eec3439a62f6b14432dacda9cbb76,1
0x01568c78ef63d73fcd85d8bf5f03356301b0b3d9,0
0x230485cf7d9df3a8fb56efc887890c5fb7cdc7abc74e38c9ccc75567883efc88,1
0x00cfc937b1e2e32a922c418ef5cc4bedb5c943ec,0
0xb15912667e8d66e11a56c85a69018b024aa6b1a9a411b4b958cb07e2d3484f52,1
0x00cd2388c86c960a646d640be44fc8f83b78cec9,0
0xf7704b5c4dabd8e6f94391b48467fedfcf02f5d5820fa4d737be464515fc1fc0,1
0x01180d350f23e143d9bd4627355866ba5a39ec32,0
0x0079d39858de26f4a48aee061a27d01daffd18f1,0
0x00cd11f2e7d45718686f8fbbc395f51154d3ffba,0
0x9edea2ef6b46800ced835ca8de9fdf336c2b275d74bf93041375f1dad2329324,1
0x06081e5c3ef4625ebb8a974d5f52faca7a90fd18,0
0x014d9a527fe5d11c178d70248921db2b735d6e41,0
0x50dc9c9126519a70319cc312418488145bed4e2ef6e110eb864a97f5beaeca05,1
0xf4f51d7c1536d6b7729803ebe87aad5baad0053a505ecba88632a453f38cb6cc,1
0x009725f31c561a64c30c89e74adb995c570330ff,0
0x014cb06e23d6ade4e596e108f074e28e86720071,0
0x01aa4629b756b1222cb5541da0255b4f473f3a11,0
0x05ad6d7db640f4382184e2d82dd76b4581f8f8f4,0
0x4c4bd88332c0df0151302efe3c8c9cf78218b36538439e1ae8c5dc2828dc75f1,1
0x012ba3ae1074ae43a34a14bca5c4ed0af01b6e53,0
0x00195777bed7025e78819156281192c85fb3cf9b,0
0x00f78d52043427579e3ec1637835ec4130a035d3,0
0xefc84b5610ad0eb4ee3a83b627e5500ada492a984c5bef1f513e03e202f38540,1
0x011ab72bd679b12f5316f70e770aea738e745a4f,0
0x215e32d4c6dc5ffa0d7180801d46bfdc72863c8a54a1d510f1efddb20019faee,1
0xa078f866085f7009ae7f097dbaa5ee688ff122aacfb2d0c9a251f4452f97e88d,1
0x0034aabf6d7ff3c851f43773cc32dbaadfc73cda,0
0x00864ba7d14484230eac6581ebde35330b17218d,0
0xa907b005876cbfe2368e622fc8d8eb9f494b1a3b4d85c93d2eb75e4b717f1258,1
0x00c512721f219b81753f4e168985279140501ace,0
0x8aa573b31b9f24b5547d3abe3c7a2c3d5b396e13c85fad1e56654ebfc92ed23d,1
0x00e3ec1f55ce4f86cf7ac2bac8c0876a276e78d2,0
0x015024b0d87dbb567f9e3d956bb0a495436ec3ba,0
0x017697c931ace5a0c46e48c80c53fd3ae37c9e49,0
0x00a55375002f3cda400383f479e7cd57bad029a9,0
0xcd314668aaa9bbfebaf1a0bd2b6553d01dd58899c508d4729fa7311dc5d33ad7,1
0x9ae5ddabc94e6bb3eaaa49a56fa332c43fb1d5c5d79bfa24177b359e60bcb2d2,1
0x01256f1f3e762ff963f77c68ef2fc56670bc32a0,0
0x010d14d36c3ea6570d240ae3ac9d660398f7c48e,0
0xc8172c682e7458caff1069274799b1db194b02194c792c2bb2b087be915d3641,1
0x0042204c08aa1ab551a0f9ebf2f0c3b14461d661,0
0x5239c41f25be59a75c57d9f011af870b4075e76c0ca24ce6ad5b7b145cf249e0,1
0x0024e74a336fcbf03f27b418c10da1fa89f7c50d,0
0x3640f6dd5e12bd8ec73aa35fdb5e55e25fb78d3bfa3547ee5f5229607942f5e1,1
0x956829212332bf9a22ef7e35f0c60d91e237770bfa2b33b1ad55ee0ab3d7f4e3,1
0x0178aa713ade025260e130d94ef189e4ad6f68e3,0
0x0056f6f8fef7f65473619499e5f47fe1fa318956,0
0x407cdc8ee6663e0da84f72b1b3f16b3f3a44749ec97a9684986f241f4fb0d2d2,1
0x0034cf478be447d956ed73fd29d1ec9ba1669fb1,0
0x01949723055a451229c7ba3a817937c966748f76,0
0x02af7c867d6ddd2c87decec2e4aff809ee118fbb,0
0x0080d4b7be95b550a69e8789340baa38da771743,0
0xc3986b9b4c82fcc7e3e46beea27bea5b13fee3f5e262a523a41e2ee77b551673,1
0x01bd09a1124960d9be04b638b142df9df942b04a,0
0x009d6a428ac3797888ceaf7ca4aa2aa113655500,0
0x014a3a39d01053c3283309c2d2971fa4a13870f3,0
0x00039fc9e54a042a0bdc85a0baf3a0274c3564dc,0
0xd253e3b563bf7b8894da2a69db836a4e98e337157564483d8ac72117df355a9d,1
0x0090d11b3752826c8b6e86ff3ca0a3f6466db8a0,0
0xec02ffba2dbe706be790cb7d86fe6e9eac9c090ed436907bafef76b98b2a2dca,1
0xcf1fc0677a8aaaf04d181986de643c362c65b455da583a2ec3ac44a760693dfe,1
0x010ebea9af6ce644d56c6808ae324ae9476bb11d,0
0x0097c2b4ff3764573ae5a26ec598d8cad25f03c8,0
0x00d8318e44780edeefcf3020a5448f636788883c,0
0x8173ffe714c984d1e6fe754f0bbd9c4c47936ba1de1c6f1c5e4d5c88c96d3174,1
0x307303eb74c2ff47b7edbabf348da07946f32617a21d4b1df2c8cdabd9f62c1b,1
0x015d859d0070e38f2970b1d1da274e2806aaebff,0
0x4a825bbc50fb7bc1bb86ebf8403ad7f343bd7865c4a9ec9cd32ff50856c55dea,1
0x008faf03038c810e478013d85659e25199a79e77,0
0x018965eece5e4d94db787ab6d1c195d0cbc5a2f8,0
0x00a0a1a152aaf58b736f15642b2d4e94991664a2,0
0x33f19229b5382854e63b4d2d2d82164fcdc5b13a01505ea0d5d2df7e7574ab25,1
0x01736a779d889cf048f7a7b5f55ea5c3727bd0bd,0
0x0109d902f79473e089cd7e3b2c86ccff0121c442,0
0x5078c0303f793f9e909ce365d5e1d707c2972814e0ba41aaefef15626fab23a2,1
0x00e6e9b5f984e609dd6e6873d9355d8714859754,0
0x009668a9691e456972c8ec4cc84e99486308b84d,0
0x00a0cbe98e4d110b0fa82646152d77babf2951d0,0
0x577a9ea2d99c9e51b2784976cdd042278f25a4e6ed001a2667cb7b9119c27e4d,1
0x01c2fee5d6e76ec26162daaf4e336beed01f2651,0
0x0001fb050fe7312791bf6475b96569d83f695c9f,0
0x004f8b51eb0998d8b155f4871205173c4dea3c6d,0
0x0028a459d6705b30333e98d5bcb34dd1b21e2a89,0
0xbc863c288a5eaa6bd0bcc411b546828a2b89deb786063b45aaf32ba280a21501,1
0x00a34e3d446550647cba3a5c73dd3e9555f0e8b4,0
0xbffcf01e5aef5d5fc82f9ab7bf78110e3479dffc8f4dc503f663c6b47b9992a4,1
0x001c249c09090d79dc350a286247479f08c7aad7,0
0x016d96dee5c1e0594d898fc7b971b39209677f18,0
0x00c7a37b03690fb9f41b5c5af8131735c7275446,0
0x01bd7aa442ceaaa41f336758a84f3abd1138c4e7,0
0x26a83db7e28838dd9fee6fb7314ae58dcc6aee9a20bf224c386ff5e80f7e4cf2,1
0x010194ba9ca34ac26b097a5f204dfb47b21288ea,0
0x000ea4a83acefdd62b1b43e9ccc281f442651520,0
0x001c46908d9d42f5677e89a01fa77bfa3792580b,0
0x0145b1bbc29b95f49d871344468209fa8577058c,0
0x28e2203b9b813bd002230eb82e0353806541187b0409c5f673515eb3ee59f048,1
0x3805ec55c44c62630449f178851dbe6ff4e22d18aad7db55c1cbc57dc6b30be7,1
0x013977801b6205657c0a6454c2f6a83ab90e6530,0
0x0039dc9b81ac68768ea54194b744f1eb35b47c32,0
0x0111ac7e9425c891f935c4ce54cf16db7c14b7db,0
0x6acda6ac1d7fb2a6c0c79707b0353855955ee550be8112c49490ccf6d77cc814,1
0x00e5c427665fac73cd99e669275b820e5eb44af0,0
0x62d862e89b6858b19deaea39fb66f7ef47b845d293131e4fc17cbce21ca6043a,1
0x00606daaec4263d3bb5cef9552ac71b85f4063f6,0
0x010e3607ee6d9f43a24efe589a9fec74bba101fd,0
0x051cf5178f60e9def5d5a39b2a988a9f914107cb,0
0x0120137e1f0b2c022772c5cad1a53b3e77807b8f,0
0x0145c6e86b446ce3165d415116b6f37d0b6e5c1a,0
0xbc8c30b7db136e97251eaa9897853ddf125f155b7c63bbe4c06d704384a40556,1
0x241ef83bc88e1bb136cdbd2c3d2cec2324778cf2b8ac995fb87191465c600ed2,1
0xc12a4155c2c90707138e4aef8883c8f724371145823e2f661f19b93e5b3a9d6e,1
0x016d38d7bda15b7ddd432eeedabb16e7240bd148,0
0xd15887df5c1fd70afbd8424d1ec48a53bc10debf24ee2a86859e296f7a855b58,1
0x010064b4ecabf8de4389d6a4ec4deebb48a9c834,0
0x01646b480462947ec8a9bf90f41dca4a94027d76,0
0x0023923d3cd59f30666c16d70a90bbb640c1370a,0
0x01a11a1d448e4d7c44b3f561f60065aaf4f9f38a,0
0x00ed62ce3308e04d03b66c878f87a157dc6dc8b7,0
0x0197edb9bc39ed1948f437580b2236fdc1729e98,0
0x01b87e7ff78022a70394d3c6dd127d0c709e3bea,0
0x00048cf1acdb5fa81a0facf869ef60c3f49bfe36,0
0x0000000012a0592c154d552c410030e724b2ea00,0
0x00000000001876eb1444c986fd502e618c587430,0
0x00779d8514fb7fcba212c7fb7b31806d5f3caf37,0
0x19c03c40101209d273da7b2d55779e5d174835487cadee5cbffccc7a127c8951,1
0x050b104f5d0a9189a8295e943cfa5a29e6bfcdd6,0
0x0054025ef9395a8024a050fee5620577c18cdb87,0
0x003ffefefbc4a6f34a62a3ca7b7937a880065bcb,0
0x001909debb01d4a544c97c4b4a0d3559d5919814,0
0x00c164731f6d3efc1e3879d4c6eedbeb604ee314,0
0x000000000a42c2791eec307fff43fa5c640e3ef7,0
0x005d8e06cbc5e1e6040f69268504f2580cd0af40,0
0x010a0288af52ed61e32674d82bbc7ddbfa9a1324,0
0x01a7ba59a537630d42d731a047f73a0eb1bf3f37,0
0x01a388530083e69fd0b60353c90d8bf2b29be2e7,0
0x016c12f1654773c7cbd7cdbbd80530a4e75f96b2,0
0x6df15b3bf2926c6856d222d512f2d4fd5858312ea8380813e60cdd6b19d18825,1
0x00685230359bdb9e16704e1d3918b553e9a015e2,0
0x014f91607f13eaf98dd2845bd42141a459aab812,0
0x01379a8c67466af8ce0cf1f99c3d8208b2a3af23,0
0x0085d8b5f89b7830e1be237f3f69de3633329775,0
0x01555d54940a84504e640b9ab9dc527c6b9d051b,0
0x01a11a5a999e57e1b177aa2ff7fea957605ada2b,0
0x00f0a7dd4ea89f562061c6b4f4fadee329c6a839,0
0x000000000092c287eb63e8c2c30b4a74787054f8,0
0xef34f4fdf03e403e3c94e96539354fb4fe0b79a5ec927eacc63bc04108dbf420,1
0x01a0c571da329f4a2730d988911acf7a0bcfce35,0
0x0099fe4ba54d6f91e7c3da9fc1c70b5c9c440516,0
0xc2ccef1145c570a5557d63b5b8e90e8964a8275454a0bec0a036abe692b07f75,1
0x8aff78099114b0791f028b2869a79d2f54be8b9c80d067fd1a391211083d0430,1
0xe4bfbe55b505b20135351f30cf47e553b145fdc3dca4619df8f0eb6454e4f883,1
0xeb3a560927b118149f68acb9b11eeb93fcc91d7f98a315117974eecdcd42e206,1
0xa4769f858b50a73e26e18f7ea3153fea9e9ccbe15e569c9f4575dcd9483c2760,1
0x0094f8b9654d3099a5f329f24d5ace6e41175f28,0
0x0027fcb9c3605f30bfadaa32a63d92dc62a94360,0
0x01b67b1194c75264d06f808a921228a95c765dd7,0
0x001b4b85192aa034bff1524f181e3a7060e0dc30,0
0x025abad9e518516fdaafbdcdb9701b37fb7ef0fa,0
0x00c4b398500645eb5da00a1a379a88b11683ba01,0
0x0003ed19f80564745e84b4cc411a7b6be4f0cf31,0
0x0093a7cdfd0a53100064c349152e3b423fdee554,0
0xaf7efa897c3ee5d1f14f7cb6f5d4725bc62fb5e2a54b0e76b047c9086b0978a6,1
0x0000000de40dfa9b17854cbc7869d80f9f98d823,0
0x014186b1a2d675fc1e303a3d62b574c3270a38e0,0
0x0024b08c3da3c27a59c254e528210993f57ed084,0
0x01b92cb4f058cf4e35e3627c255f95afa29dd6e9,0
0x00c6add9873de4e7ba1e1e1593afe4ed2474c909,0
0x014061051ea0214d3d90335519b86741a36e2d72,0
0xc6d98618fd8dd1c4e6cd1443c75f7ecdd933d74b9c78546a36d673116c393652,1
0x000d92106e95590c02c152ed3249b7ed55c1b3e0,0
0x000ee2ed96e1d1277a67864dedd42140dcc6b835,0
0x00dbd02706a86e391ea30d53aa88f7df53a06b85,0
0x00808c4201db673c00950b291ecd23bb9c1c6b0f,0
0xe4c05281eb28e3568662df63da65c3746d16af7e898d10223990fd3c294111c1,1
0xc2813aaaf3ddcee9445f103fc22c09271e60c82b5c9c99732cf3e7aa9a760a87,1
0xb08f17f275edbff31e1ded752e5f6142ce76d36127e48c648249ad765555d42f,1
0x0029b494669cfe56e8cdbcaff074940cc107a970,0
0x01566296f220086fb1c8e2bb6c263a8f650be065,0
0x00e699bb8d011585e6429fc2f2550743a38d7f8f,0
0x01af5d9f6a606a22f1becd36f3ef3336d776020d,0
0xfcba2c38617edab9abf146bf4381edd2674873cc7bae9c6ba505a45e03a7228b,1
0x0c0a6db24a31615ef986ab64600d560ba528867e46ba2dde486117b36c60fa78,1
0x00d681a7b6584f978f63c81cfd847064ce19a080,0
0x017bffb427678c31e5f9b6fd7886e427b432fda9,0
0x2683a355d93c649d3b9fa74d7556dca2f28ec70577ce7e9b267279c138caf4e4,1
0x00f5e69609dfbe7dce440881cb5c3ee5a3699fc0,0
0xc908183e232419f6ae0f2406d7cf78a1e6ee52d6e467f4b3e78b49a90e0d454a,1
0x00d76a762b3b71b2044c7a8fee022419c39dc76f,0
0x010f460b548ff8412c405809955d34341c891fae,0
0x9a7ff500d261c3cfe4fff29dc27adc63b3db8a5b37373d44b67fc3c1525c25fc,1
0x38fac8b1cac8046b6d2eb7e8df0922b16b09014aabb1b20e2a1d248191545f66,1
0x005a167abf8796b4b65e1ddd05b2ce4ce7c6917e,0
0x014b6c4bced57c7e8b7aa8b58e2962a1bcbaa16f,0
0x0073e5e52e2b4fe218d75d994ee2b3c82f9c87ea,0
0xa127804ed6e18a21556a9d2506d885c42bd78dbef2530405815e4a9e5cde201c,1
0x018eb7fc00dac24d26b3ec1b50ead021efa616de,0
0x00ff66ab8699aafa050ee5ef5041d1503aa0849a,0
0x00b48f7e48ac531d7e5da6454f6af1f7ab800280,0
0x01a9fd5d3df9dd19bf277732a872319e197e4df9,0
0x0170e7cefb07fa283471cf8d1b17584145010529,0
0x01b956a0149808806a81148ad93cf71d1a05e302,0
0xe34fadd5abb49f626248045ceaa237b914bffd1bbb67409e4b3fe64c94e115b7,1
0x016c61ed688dca72db3f59b157143efa81a1ba50,0
0x016dd7b6d0dba0f10e1098410a0ac2748b82ff1b,0
0x0122ce89a7f9a329458a5b7d8612a69ad187705b,0
0x005d758b2a39181de8a80acfe025576595e49050,0
0x9235e0662e230bdfa94f56f4932fd09a95fea17e4b9b44a4f40a59449e216110,1
0x01556aae0e59821b680ec725ffb0c965501a3eb1,0
0x03685dd50cef14dd78e105045f2b185e10c83fa46cb0b677f9b31169127b2337,1
0x01a9f037d4cd7da318ab097a47acd4dea3abc083,0
0x2bda71f5b6c6a22a8d74bfd96fb7a9f5b820c707120b2a43f1698b3603767e7a,1
0xa3cbbdd2494f6d5452de8edc5c8c32f316abc40140a63769a22e04cd2549963b,1
0x01b03903a1660ae507ddbb6224e478bce176c275,0
0x013922eb7a32d04385a83453ae95f1c4d72be019,0
0x01396ff0d6569519669eeaabd926db9fce42ada4,0
0x0097b82f701a2a8dab7f0a414fd2a37eab1ee254,0
0x05767d9ef41dc40689678ffca0608878fb3de906,0
0x0000000005756b5a03e751bd0280e3a55bc05b6e,0
0x004982ddbef3b07db5f767ca75658a7d3498c504,0
0xb151537e9df65d39b7d9b5e2f67ce6fa816fefe41f03d9998eee2338c282af9b,1
0x007f74c5c82d68a138cc3bc623e51270279fa525,0
0x00e5c0774a5f065c285068170b20393925c84bf3,0
0x014679471293e61990f41f3eda42ae7536615a52,0
0x00f68f36d729ba8e3efd38b1c2bc775f9788aaf4,0
0x0083bd9eb2de2b6eb59e04e3acbbac8242decd68,0
0x0000a1c00009a619684135b824ba02f7fbf3a572,0
0xb3f067618ce54bc26a960b660cfc28f9ea0315e2e9a1a855ede1508eb4017376,1
0x00c4a73f10b05228c64e971cf81ae84426a64780,0
0xc2eb1f7d462fdf60db0e75fb7cf0a347437df419620a7c47e0ed15800e30a976,1
0x90eef27416e85fb1c6acaded14588f1cc244d0ba7b6858f010957ced32d87e6d,1
0x008586b7f6768edc269d9e5cd276316d33cece6d,0
0x00469d388b06127221d6310843a43d079eb2bb18,0
0x00984d4c5445476c7c0183bf27ef2f94e0194698,0
0x005b92d71a934dbe48e985b6469881cf4b0308fc,0
0x016bf078abcacb987f0589a6d3beadd4316922b0,0
0x011de341004d9fac855e3f976e55afeade1418f8,0
0x63c7ee673db3f49437d595ae7288cd6edaf59e25284e5a3a45fdbb34d63ecaa3,1
0xf57a9218cf3ce054c1770db0206594860663d33d8dceb122f037e47854db3cf2,1
0x00ca7698c3fe40757358a058e1d63f1fd1427c3a,0
0x0000109a8344de9c00465264006c0000769a2770,0
0x725db76cf4bf3bdc72be4f755ed72df4adbc8e4e803c044617cc11e34907ccdc,1
0x01b23286ff60a543ec29366ae8d6b6274ca20541,0
0x010496d8f3269ee9b05060bdf40c2d66e83e61dd,0
0xcab152ad406ab63549964f39b6c636aad6ec979cbf5b65376920ba5a22bc1f38,1
0x012d01940d2ca5135f2205f5a16d40ad35cb07be,0
0xa63de1b90f4271ce0b4214261ffc3d9c07c02fff04520a606d33118a1a2acea7,1
0x0000000000377d181a0ebd08590c6b399b272000,0
0x002df45a71347ce68e10a0eb328a1e6bbc9d79f7,0
0x009c43b42aefac590c719e971020575974122803,0
0x05f548db9215621c49d845482f1b804d82697711ef691dd77d2a796f3881bd02,1
0x0073f3dae29a5aaa1ed14f8874232278a80a4eb0,0
0x02fc9bf7d97200dfe2dc789047b6fa5320ae9bbf,0
0x042ac14a9839290980f932e0c7cb53d2054ca130,0
0xe6e99fb5e048462e95d47fa0a8a6d29476989b8364a5a112b1ea0f469851d713,1
0x2ae52dd3a9eb024eb85e0b21fa5a84b945c2b2109e306095ba8338ba11538241,1
0xd38d714d39b56c64ca329530bed847817a163e98e1d2cf63597b6218d2098031,1
0x0065f605f98ee436b1ae2002887ce12bdfee5698,0
0x00e7742ec5038c82a7d9f4cf2d19192d6d689712,0
0x0034dc09c4f52557898aea215d74d690a05768a4,0
0x005219e00906f912625a29294cbd9b410c2c191c,0
0x00c8b2fd3213f089604e7a7ae264e9839a91f097,0
0x01a5e3268e3987f0ee5e6eb12fe63fa2af992d83,0
0x3be9358105a7341e19a33b262512b9810b3380763819cdb35794ee724920c02c,1
0x006763dff653ecddfd3681181a29e7e6d6c2aaa7bafb27fe1376f3f7ce367c1e,1
0xbfbf6f1a9798bcc8d9ea37ecaf869fcc6634fd828db7a1b84250e06ad84a5110,1
0x00ed862a4025c5ef801b8310ebc312cecfed2952,0
0x00d6d4a456aadca3f646b22bbe6416731dd361d4,0
0x000f0c0b0b791e855dcc5ad6501c7529dea882e0,0
0xfd1b40b640d0bb798499387a15a6adc1c97bed918edcdf7a58e38068aac14af2,1
0x0163f249af5a4781cd09edeb2326066b9552d8ec,0
0x0051d363a60bd98d8a10927d10708e5ef853b306,0
0x33b03c31e9d89bf9cb59658d4459367f33cb49046b4bcf3bfd882ee7eb2533aa,1
0x006de639ac6ced07a19433c8221a77582371e3fa,0
0x000aeed2aefd0f6fa1b9e538bbf4e565dfbe371a,0
0xdff3f578284507a25d162df3f8a7fdfbd0d2078de80efaafd9b930750d2174e0,1
0x00e5cd6e8ba8a3f7cf6bbce39419c82fda349d45,0
0x019d6b222db18836a9f39216bf36e4a5f0b22cd4,0
0x00e07fd90e86855c3f9ebf7741c92981f664b442,0
0x017a7b7e44b5a99de7e56c0c0fab53f6421fad93,0
0x0043fcb34e7470130fde28198571dee092c70bd7,0
0x00f59b15dc1fe2e16cde0678d2164fd5ff10e424,0
0xf9281de88c301a6b86bc869e028ebc952a9f28c20a95d8288754dea4a886bcab,1
0x0077f70f831d615aea6f2dbdd8cda32d5d7178c5,0
0x0009824835c76e77f26f2038757bb9a7c3f1e1df,0
0xef6c9cb605bf14a9a9c3c0d6fcf75f34112f604257b8d4bfe0904f7f15d270ae,1
0x01385c810e2ec176bf065d5179e76dbad2a01173,0
0x001e407f497e024b9fb1cb93ef841f43d645ca4f,0
0x005e5840fd5a4b47a4ac6acbcd887cf414a94944,0
0x002ea266c98230c67d0029d14706e509f9150075,0
0x67700f03527ea835994038081b7c097e4cc2fefa6567f8984928dbb3c19af45f,1
0x001a8ffcb0f03e99141652ebcdecdb0384e3bd6c,0
0x0000000000013949f288172bd7e36837bddc7211,0
0x00000000219ab540356cbb839cbe05303d7705fa,0
0x00495b7a83efeaef062629cd236932e6fa01d3ad,0
0x0145a6424d5933248b71880f0a544d408ff49a18,0
0x0189291b4a4a6be89d825e0efc2ed1a1f12b1cdc,0
0x005aefa801f03d7cd56d577bf91c9f4ca6c3c528,0
0x00e3ea0019005cba812824d95814d7133ed616b7,0
0x5666856a9cde61747d40f3d97d1609421203dafdc2447b3d945cf290d765e3b0,1
0x4bb619cc62daec4999dcf005674aeb960cc05d8bdc726ebb66308e5290ef5660,1
0x01892f103a2a455b9ab67d779a1db50e0b498d89,0
0x39982143e4c82fc1686948b4ccc50135256329b105f95e22abbe224134ee6a7d,1
0x003ee81e1dae7d6ff964c604e6381fe4664e768f,0
0x000047203100a45635029ec21bbbec5ec53cb6f6,0
0x2b419173c1f116e94e43afed15a46e3b3a109e118aba166fcca0ba583f686d23,1
0x00c5f84d9edc3e330f0eee37f7ab6c3b7ae25d19,0
0xd7ec3046ec75efbd04b3eea8752a8a6373a92c0dd813d08b655661054d3239c5,1
0x05742ccb04672984606f175ed769d306848723f2,0
0x0116e8f93c4228d84fa87f53d4ac02142c4bd639,0
0x019e14da4538ae1bf0bcd8608ab8595c6c6181fb,0
0x00d55d3ed178aa58d47fa23e29e8ab732452eddf,0
0x00ccc5fe33fa66847082af413d4a8700cd7cde16,0
0x0098af0ceac1238bfa1eb43652a700d1fcd379f0,0
0x016047c3285834b71fffb49956a86878d27f7cdb,0
0x01953361917f099be69c6b5b953269e231343134,0
0x000c5c3905733ad4abe97bd7c52170d9ddf116ee,0
0x016913ead5672f01de2043874e5c1cac5df608de,0
0x117f502fb08f575c8e1dc11d80094d177e2cdcf09b12a8bc121e49fd32f9c6d1,1
0x575ae593dcdf46d91504414ffdd9fa81336d6dcea5f596ca1d6fecec3f169837,1
0x00cc5f4a3ba668e626c6435925f250203afd89a2,0
0x00ce2071edbe54709ae8a4c1d4e0fc4e5d2ae6ef,0
0x862ffd9b3b27c44eec964c6dccf912c30e864d0871276ae8564113e9959a4766,1
0x00a8b738e453ffd858a7edf03bccfe20412f0eb0,0
0x00c6a247a868dee7e84d16eba22d1ab903108a44,0
0x8d5e8937d42398e52b9b213f0346f6b432708f00865f93c3869dcb5b75575ca0,1
0x00cf36853aa4024fb5bf5cc377dfd85844b411a0,0
0x00d3d1b1a9b36beb2204f28da5c6c4da8e247f26,0
0xb18377646e077574ebc4773cd6bdb6908f02c32ce4f5948e5543c4147033ae18,1
0x0058421b0182b849ae84edc5feec7e88bdabe4e0,0
0x007cde6b6a38131c201644d57d4b4956402de87b,0
0x0000000000085d4780b73119b644ae5ecd22b376,0
0x0000000000b3f879cb30fe243b4dfee438691c04,0
0x013bdff676b21bdb57068f783ee8de53c89b05fb,0
0x01a922de9af2c1158dd947ea5b794f0dd995c7df,0
0x0119fc0f4369a8b4d899a2c24d2705eac40b469b,0
0x01a1f73b1f4726eb6eb189ffa5cbb91af8e14025,0
0x4be506a04a8e8154df53f11bbe2e7f07a1db663dcad16e355307592e9bf22f8f,1
0x018905a647df1dae14f1d938f9bc39a099b6fb0f,0
0xb704a53483a05c0e82f9bfa51a18bc6a61a666df37cd5413277d26b678cb3958,1
0x011671956844f31620bb8b9709f32230186a307a,0
0xb96476546ec879aef56ab80de9fc29b0f851c5371894511842f2394ef4946e89,1
0xcb6dd8748b378e357c7a3dc49bc7d55799106ae0144eb7b722ab7e7b78e21126,1
0x00fc270c9cc13e878ab5363d00354bebf6f05c15,0
0x000dd0b1528a396c6ea2e09796a7b4a534e9e37b,0
0x00260db07a22a6a5182213d8de1aba0705a6cd78,0
0x01592e349258233a6f13685228060511eca00ae6,0
0x0080ad4b2026349955263e70d7284f274b5de912,0
0x00b3636eea1f4c4fc2ff98bd8934d2874fc8da53,0
0x01acad2228f18598cd2b8611acd37992bf27313c,0
0x01274e84944b9923fefb73aac4371186d588e9ee,0
0x1f6b9ccdf21dd0247d6acc4ae4eb370558ecb8b782fa51a76c5112f62b7dcda0,1
0x0114622386c1a00686e594c70682d7aa0f8afa29,0
0x0059b4c53c85bb8159014bfd20700c14b29c4483,0
0x004375dff511095cc5a197a54140a24efef3a416,0
0x018990f3109f70afe696542f348e6dad8647cb97,0
0x000000da8006f1db5488089803fa004c53451410,0
0x0027cbade7726996c950d6ff0987e7b94549485e,0
0x00e9ed8ad3a889dcb625eb759ad9ea47fd0a9dc0,0
0x0130bcccbb8e78b2f673217521870a9a6bc57f05,0
0x0018fb451a46ae397b8569936bc5bb5ff03cfd18,0
0x000803758151829d103ff188581f87038ae3b893,0
0x00b0e8d3d7a6275dea291111ff8480ea053cd719,0
0x71bc04a3c444c480f18fbe30835b5bd0032a59b9dce0dc2024feb8fb7be5e818,1
0x019182d1d3fd2965c3a89569d78883e146b9f213,0
0xe3141167472a7c05d625f1b15c2c63f833bc5ac2022af2a3407d74f172db917f,1
0x01107334cde2e59c5a82fd7d616f06ace189e02d,0
0x0021dc34eec3fb8b1e34b5ec812c342d0352ee4d,0
0x771431bed03cc59866d8e17be1f5cdac46a321850a57f8a43b375421bdebdcf7,1
0x2193f018f6e12236c298cf89eac07c80d8cf7a3635a75a57407632be0c2014d4,1
0x9a6227ef97d7ce75732645bd604ef128bb5dfbc1bfbe0966ad1cd2870d45a20e,1
0x00276513f628141eb6b445ce26c7f9548f06e797,0
0x01bcd148c54ca43dad8c195100998ded48fad39c,0
0x009178997aff09a67d4caccfeb897fb79d036214,0
0xb4988a59a58fbf829cc15330f9888659470f36bdec1c228765ce84771039dfed,1
0x01be3102f2482b4aac6298dd81cd4f29fe670b81,0
0x00b3d248c94074166fbf804f9ffec37ed5d3e646,0
0x003a70265a3662342010823bea15dc84c6f7ed54,0
0x45d93aa6b24ac2c6606d81ecae3d8ec5609772cfab3839661d3ae7319e3763b4,1
0x00a6d3e564f82acecb445f57138c6c14f0d05ccb,0
0x004cf82a346a71245193075a9b91f4329180766d,0
0x9004e33d6675403d60aa9a523473b024a71f404393dde6b8320dbe7e74b191c9,1
0x00cc85a7664dbb84fc0c91fda6c86e401ffd1e5e,0
0x037aa618609580f44f22d6a7de3c7e807b41aa20,0
0x0475cad90f0e134969aecd27dfdc8c02b6ec0026,0
0x006ac24a1f49e472673c82327bdf177a5c11491b,0
0x017e71e96f2ae777c679740d2d8dc15ed4231981,0
0x0029a9ed4b02ccab0e7d32b7f197e2ae3cddb5a8,0
0x00b84b3e4a58606e7d0c45a725eeff99eaadeef0,0
0x00bc580e3a31a2be8deb64b9824767962d1e632a,0
0x0156769b649f80ddc735e420062092887919d846,0
0xe1271d241d3bc7ad65e763f30a8a864febd81ae4f69213a23cfec290da652a06,1
0x00abdb2fbbc763b6b4a8700e10550ad74dac4d43,0
0x016ee7373248a80bde1fd6baa001311d233b3cfa,0
0x24796dca7b49a24016f421663f31a0d72fbbce42b8800a42635ac5bbed7cb129,1
0x0026b6fe537e0a4733e1223132a39fae91407827,0
0x017273d9b1d2a6186389b7e5b54a3c07213fd47a,0
0x016bb7d49f25cd2c029c540312351f79c524d652,0
0x007b972b5290b8d331f283e1900adedf935c6bf6,0
0x03b267325193fd0c15ca0d2a693e54213c2afcb6,0
0x004f5683e183908d0f6b688239e3e2d5bbb066ca,0
0x028a449241bb0ea08a0b1c5a6c6cf9f0fec92198,0
0x29d8f3869d2636af4c934f83430eb1a4745237894ec55af29286eccd9d155623,1
0x0d069184cbc6ae1093504be721c36b731e40b0d040f9611ff2c5838ec64ab150,1
0x0091a8deb666db4f81ae33d5f9d26becd670074c,0
0xbd51c6d9943789227c709aecaf79676919594f86fa2993f46c0db956ce5c8351,1
0x05de99473e36f845fa416bf62952adeaf591731d,0
0x017137adc85e1e4ba30cea964da1e45e1d785afc,0
0x053ad8752a081e55cc029c786ef3401ae5a83c7c,0
0x0048309a970094a68ef7eb56a561302c08c91898,0
0x00000633df1228868270badb2b812e12e13fdb91,0
0xbe65cb0dd9f4619939cfeb56b3ef3a996e2b028b93fd66443abfa06d6df8e58d,1
0xa6095e03bc85079a7ae2be4f7fafd851483debe0aeb6531b03284f66eb9687fd,1
0x000387483308752ee8a478d1939002aa6da18461,0
0x008d7b79906bfd0a57c952176e00b6b8c2033a7c,0
0x0016394e785f667bb472d4148ab88a5c391accdf,0
0x017800245b2a33fb061f2d9e8888f8766eeb1ff4,0
0x008d9baff91c6b10301f27edb10bd21426efb082,0
0x01b0b287f784ccd19cf0a7c11127a70963fd9d30,0
0x00000000357646e36fe575885bb3e1a0772e64cc,0
0x008c69e0c66ebd4b228d27f2162ad54ab1b7dde1,0
0x012ce51d486be4d08ffe952d0e1a7aa3a247f475,0
0x0000000000c2d145a2526bd8c716263bfebe1a72,0
0x000d6bc79e6d73bdd2099942f3fd4b87f8e3c33c,0
0x2f6184306056aac469584093bfa7f9f06ab5f9c6c8c2b3d9cc4ac148b85c5815,1
0x012a572b58f5e5831bc4d3b61b69a70787a94014,0
0x019104d922068a7d6d561a6f7c86ebb77e60f71f,0
0x00005cad001e0900002979f7314d00fc480a29bd,0
0x00c7122633a4ef0bc72f7d02456ee2b11e97561e,0
0x0099447ef539718bba3c4d4d4b4491d307eedc53,0
0x02585e4a14da274d02df09b222d4606b10a4e940,0
0xbe91bacdb6c2a77dd6fcc15d8f7f7a30fa9b8a9daf30dd80b3c7f34e80e2a10d,1
0x0000107d120000e00095cf06b787a0a900b1f8bd,0
0x75c09263eda1a2d4a0ffb99d6833f49015c35833b6bcb4d112efe2e286355b34,1
0x0002562b9c0a85ebb92989fc02d6486b3d0ccbeb,0
0x01b29eb97ec05b81abd72b77035d99dc1b482c1a,0
0x01ba67aac7f75f647d94220cc98fb30fcc5105bf,0
0x2d636161292b293ee1a07da79239d1298828e803f81d525954bb4160f2704c2e,1
0x013b748c535568d835ba3ea1953e4e7f946952d0,0
0x24a937ceeb5d08ce9d76537180d3fd5eb5e30d9b5e3df4db8ffb6ef2c396f391,1
0x012562a312b774f364ad237f53d466cd66dc646a,0
0x01bb8aac93261afc869ac612814852de0459af5b,0
0x00d9bee3133648a1eebefdc06dc9c7c6be22f8fc,0
0x0046479b2a35026061019783c5dffb92d06ded6e,0
0x636be30e58acce0629b2bf975b5c3133840cd7d41ffc3b903720c528f01c65d9,1
0x01c3884fcbef5eb905ff7b2738ebdeef63138f0a,0
0x0161b706371e0725e96c67cf55b2384540374cf1,0
0xbab47d1b4f99d5e61daa922414301d820a5b9c483a6f782deb7831394f23e69f,1
0x00f3a270d345638ac11baa8b13b82bf5e33bbebe,0
0x00f29171d7bcdc464a0758cf3217fe83173772b9,0
0x01c0eb1f8c6f1c1bf74ae028697ce7aa2a8b0e92,0
0x00b7db6b4431e345eee5cc23d21e8dbc1d5cada3,0
0x00000000008943c65caf789fffcf953be156f6f8,0
0x012043be2563328fddea137415f16d0f708b5522,0
0xf41111875d12f032e2cdf78bc757dba8a64665262c0e5bff49b47bf7aee19cd5,1
0x0158de06d8bee85b063a733e1f5f01b3be3cc3f1,0
0x00b0969723e5f272a05c87b39d0a4563aa7acd3e,0
0x01be7e665cda52a9a9b19dc9ecdafc531b35d7c5,0
0x16a0c880979a87a894e942cec62bc736ffed4d500b0fef46fe4558f31c90a5f4,1
0x64af76be60980e7c2fd8f356c83c95ad652ab32e267299760f3e37e8e95f893e,1
0x007651fe8693c5247e45f66f378ebb2d5c372e70,0
0x00e145fc1111a085616eb1cb414226e192537148,0
0x00c3b364d7b2e78a3ae9a0befe1419c7f9fd8321,0
0xce3a58b81273b3e7735fccdce0ea5f664720d8a23d0c4471379fed01acb4837b,1
0x007c4cf0f656b420cf5eea97d3337b0dcccc351e,0
0x00072ab8488d8635e2129587ce2698301bdbb838,0
0x018f6a68530e420f62e8f8146567128954466aa1,0
0x00f78120e8d1cb03f87be37f096d6f726f469aa4,0
0x99c760442aecf00d46ecad7739f7935c41d76b2f850253f19eaa7c4e7a6d0045,1
0x002ad19fb25c6206d6d19e524f363ea846afe4a5,0
0x0000000010c38b3d8b4d642d9d065fb69bc77bc7,0
0x454753361f29e90c1974f885d43885183112d8b511614387606bb696126f6bd8,1
0xe72d4e7ba9b5af0cf2a8cfb1e30fd9f388df0ab3da79790be842bfbed11087b0,1
0x00952a036f2098c82c75eb9cfaee2c9849e39a2a,0
0x00022837e66fdd4bbfe63859d7dc12651738d329,0
0x015040eb85ac97f1532d4d45e309e16d07c0c164,0
0x0122fc5ce32a1e27be82f3e31f305d1943cae86b,0
0xcdd1f1f7f729e38e14e1cfe23f7403532baabcbb52b27dc0d4124693322e3c5e,1
0x015cea338ce68bd912b3c704620c6000ee9f4ab9,0
0x00139fdd8f2bb8b4376aab2435c44981ec34e7e0,0
0x01ae9df9cc72ed928c6f34aa74a3449e8d5ab134,0
0x0111546feb693b9d9d5886e362472886b71d5337,0
0x0164fb48891b891e748244b8ae931f2318b0c25b,0
0x00ef721095c355edf851be7ae0a1ed26d2ba64d4,0
0x00d02526ca08488342ab634de3b2d0050ecc7f60,0
0x01b9a2382723471ff1156ef7efd7d77dc0c55f6f,0
0x01c59f3fe29ce02e00d67e1d989e267b3a12a4c4,0
0x0110e54b4a702ae528d401ff45e9f7ef1ee44786,0
0x005cd18887579ed785fb3e5e2c9356c31b78f89e,0
0x002f1bfe85577d2f060ba399a69e3231337e6c6f,0
0x000bab4f6b5560d7942ac88cf0233b6028b5b465,0
0x01a09620d022f029e9cc122a674c3e54d6e7e625,0
0x00703f9b11f2ac02d391a11e7b97c6ee80cd8563,0
0x01ccabf2a593ed638c5a9f11b7487aa4a91967b6,0
0x0115c561924716a859044fe6e1d18c4cb1103b90,0
0x01cecf7a8f0095fa622ff03d714fd2244548da35,0
0x01485e923e51f6abb2b48aaa310d357b429ba263,0
0xe2954100f414867ba3429085b249490a23d52190d5f5d235805ba4d58dd95c04,1
0x39328ea4377a8887d3f6ce91b2f4c6b19a851e2fc5163e2f83bbc2fc136d0c71,1
0x01371a682ff3a9d0c9fa7d073c2983081ca938c8,0
0x017925fdb447544da8ed671b5305461cfc6c6e1d,0
0x0017836e2e0a5445f1816d69380f244caa41bded,0
0xaf321e7b2c630b2a80c94de23958b1f49d4193b5878738d058c5a02576668374,1
0x01b3ec4aae1b8729529beb4965f27d008788b0eb,0
0x0195da555de046847ef84d429659544046ca633a,0
0x00d8a55467627cd976c65910cc934aa9c8a6d93b,0
0x01471d5d0f8603e71d4579da62e1d62cd748cbf7,0
0x431af3fbce70dbc880f24d62f5dcecea7fa79becf16495563c7cbd283ca8a853,1
0x01b946e446d214e6934eb5ce1aa986be1fe4aebe,0
0x961f42e3a9986fb1ab15f2bc36434cb9e0d6739bf331cf83385c18204e895a89,1
0x024f4cacff6d8f49c65852ff7d08b383f444a183,0
0x001a589dda0d6be37632925eaf1256986b2c6ad0,0
0x9e08b2a66da9908f0fbd9c6cded09586cc18ad854ca2cafde4d7dfc47bc715fd,1
0x00e2dde5a0e824740ed4bd2a27d6a6b0d92d8c99,0
0x017ec1772a45d2cf68c429a820ef374f0662c57c,0
0x557bdb3dbd678cebe527ad9bd3a6e8b3c9e5d7239b18a0a564feac091d0c2e04,1
0xb9b9714ea992ff22a357dc486b140de16f734fe8cc66ae3e491a6c081e5c9383,1
0x00000000441378008ea67f4284a57932b1c000a5,0
0x00c83aecc790e8a4453e5dd3b0b4b3680501a7a7,0
0x008f3dde2ed44bdc72800108d8309d16d55d6dd5,0
0x189b742c0fdf6489fd84d6a69268f033008bd11c157c659b451f0454f038503c,1
0x03ad094a19bc697d8e595b5e3d0ca637c8fa8591,0
0x00103761be392371937d4fbf3da2c85a7b9b7555,0
0x00e0e684b339195e9f3552a0bf14842bc0f4c275,0
0x00e5a66d31768318a7cae45dd7a0ef8288d7288d,0
0x010077fc828d7716d77d4082c2b246859fb625e1,0
0x01b86d4038b7d032490103ff4277390c4367cc9d,0
0x00a969116753b583ca3f617efc48cfdfe3991103,0
0x007ac2f589eb9d4fe1cea9f46b5f4f52dab73dd4,0
0xfd92e015cf8d68361c23ba8fe0c359c6541c7af73f51def90613f10ef39f3ce7,1
0x0190bf688ff57b935e99487aacebaccf450c5d4f,0
0x0021a48b90b89b6552d7c5a65f5063302c647375,0
0x8941bc3772efc5d7ad12fda16543c4bfc4b4bd6a50911f007647c4d17ec6dd09,1
0x0075ce3f8d2cecae84600d4a1f8675a72819896d,0
0x0116e7bb37ee40a1a9b4ff3386a110e707f1df28,0
0x00d07c53e70338c376cf6ab2a5218d8643115084,0
0xa8289dbe3e49e9c5decaabd3777d9ad60a7b06863539b4948dd17e58a65f3e15,1
0x00bd780b7d7d244f6cb40f18ce73ebe580af7392,0
0x012434c8dc06b2d553fabbe2b5b9b05e1f76d38c,0
0x00ae909d0405a4ae2b190af7c731711d0fc56bb7,0
0x045a2fb829876a39315007fc1c50b284500d077fec3541b6fd20de9dcc27284d,1
0x005cf60783d6b9ca750c16ed9c62fc3cd6f2c63c,0
0x54cd2312268a4ecde80c1c8015bbd9d23b23062bf51dee3c50998e0611a358c2,1
0x00b8924f98d3f9547afc74518e7cffda29ae8ea3,0
0x008f5a13d37db25d1bf7e7115747450e12e471b9,0
0x000e49c87d2874431567d38ff9548890ab39baac,0
0x005efc1c8555ecb6a021ee805aab68c5915df2a7,0
0x006b6e89ee1531cfe5b6d32da0d80cc30506a339,0
0x00cc4f4fdce4207b37ea129251d1afb2cd45efcd,0
0x013172c05cae889871162ad80c3527b07deba44e,0
0x002c4ee1829294f7ca9de8a90d4bdd467310e5ae,0
0x48e69dd7ff3e0c728e818bf26d031f4989d3c3018ec464a18757825634cf7e3c,1
0x005a2586b3377457dc8f567dc999422712b3759e,0
0x00cd312846427b0bce11f26b82a97258091e8e61,0
0x0194b5fe9ab7e0c43a08acbb771516fc057402e7,0
0x00b375f8e90fc54c1345b33c686977ebec26877e2c8cac165429927a6c9bdbec,1
0x00a151b39b43f6a79366f9129222b9370e30a702,0
0x00e856ee945a49bb73436e719d96910cd9d116a4,0
0x018fb5af9d015af25592a014c4266a84143de7a0,0
0x0181fd94dc8e5dd8ac71a74f0b27bdc68e99cc35,0
0x398a7ea42fab5228200835141bb732843b33943a8cf63bf16104568ccdfded62,1
0x001f751cdfee02e2f0714831be2f8384db0f71a2,0
0x013c34b1c9a364dd9f953ec024c71019dea01011,0
0x00391d08b3e68e476a774ada379258264eb74485,0
0x00030110a7053083a7a160449a0e8f1adce9438d,0
0x00004ee988665cdda9a1080d5792cecd16dc1220,0
0x0050076b4ed699f4e432bb1cdcbf3d84d4ebbe19,0
0x00a2c6d4b967d70b1eddc6dc6c4924be3d99cd9b,0
0xc27c3ec61c61309c9af35af062a834e0d6914f9352113617400577c0f2b0e9de,1
0x0000000006a0403952389b70d8ee4e45479023db,0
0x02551cab0f196669e1599f2799a6c3d049f3717a,0
0x01be04f10b781502acc9f8ce0ced412510117d47,0
0x0126cfa7ec6b6d4a960b5979943c06a9742af55e,0
0x00291e2f1839ba80ccdbc1c0e45245946908e0c4,0
0x019b43558b853d00e89a2a346aec16e2eebf5911,0
0x012fd5049a203df08c02fb2e0ed15ceed10d9ed4,0
0x010a9c89cdf4ccedaed01fbf3f3ec3fee045cf07,0
0x00a9897a285247d285adbe77d5584612f04735be,0
0x008051e6a1c7f7253443917a569236c12cbbb1d1,0
0x000000000000d0151e748d25b766e77efe2a6c83,0
0x8f05c52c11e1b2cc48e6e92c5e45bd5e0fd10d22b12ac9e9b790eff353a8cbbf,1
0x00d3ead8e307243903ecfb6cd6912153a627fb83,0
0x0000000000dfed903ad76996fc07bf89c0127b1e,0
0x00c50293025e3dc7745650282d6451dca9dad737,0
0x010875454cf9f1356a56a88982ba46d768d4df7d,0
0x8b2b5133e647e563f70b0ae4cf81e24bc675094ae76b40f5115273c07d98e5f1,1
0x0033d4276440c4d9d44e7551d3cb5f631872f754,0
0x003f08a6c508d8548b0a037a7e88bb42a46cded2,0
0x014cbd762c2b7cff82b16305a4e9117bb837bed2,0
0x01240e91b0f2b56e570a5681846721434519ff9a,0
0x001f0aa5da15585e5b2305dbab2bac425ea71007,0
0x01a8f03e4efb1cef12d796d21468c5903a6ed5d6,0
0x0119451f94e98716c3fa17ff31d19c98d134dd6d,0
0xda57ce2dc51ca7a04c797b06cb39842017da23242bc4836009fb7db293c4a253,1
0x0032983c554f08fd21675dbc83e323cc7cf2c3fe,0
0x0030e030f816ac33a1c32bbeff22683adbe3ef96,0
0x0092decca5e2f26466289011ad41465763bea4ce,0
0x0088b1b42c92b8321489f5e53bb5d34392028d3e,0
0x00006100f7090010005f1bd7ae6122c3c2cf0090,0
0x00c23703d02565ec5536f58f8b586ec052195d08,0
0x89ff7a0c417870bfc8e5f4f1ae19426017a53134393f54fc7bab17392843b1a9,1
0xb096c0fb28f8b3d4cd59f9df1aff268ce4968738aa116a68d350778fd4109e3c,1
0x017413445e227106fd198cb64547c615f4f13522,0
0x02d35abc0fc2cf60c7cce3dfd14609273a50fac3dba80f290ca0d5566455c4de,1
0x000146b820c5a0e08f4e71179a4b5db16e575e99,0
0x0127774268f91fa8d0d9924d18fd999863343836,0
0x0040a2cebc65894bc2cfb57565f9acfa33fab137,0
0x015769601d8d4879c0e193eeab31f10cf03c9ea9,0
0x0182865fa09594e4b27496889cbf0bbc818813c6,0
0x00e76184d5ec25c0bffcc8aad87ce45a41b43589,0
0x00fca056afdcda78bc88e5933cb56b9eed374ae0,0
0x00c7d83d3aa5747a35bf07c7fe08974a1d27a974,0
0x4e74c092c3e01a4b9f51c7d3ac214ce6d231bac1ccf17d5514625740870f81a2,1
0xb7449a3a2a36bb3997162fc02759dc4924f098703a4cc7977dbfc540d3ed1168,1
0x0061c52768378b84306b2665f098c3e0b2c03308,0
0x00a4f5d12e3faa909c53cdcc90968f735633e988,0
0xc055e92b7dbb2875e06d93a0cfc4c7396da7074d7e0a473559006b1e6e58aa47,1
0x000001e1b2b5f9825f4d50bd4906aff2f298af4e,0
0x003e0af2916e598fa5ea5cb2da4edfda9aed9fde,0
0x0082b7b1e4bb2faf667615c613dd5acda3cc350c,0
0x01a6fa5769b13302e82f1385e18baef7e913d0a7,0
0x009893ef5ce8b1188b02d0758d757d4d1b19b1ff,0
0xc727091f212aa24561e1ab7693b752b584013c3e914b177a2675d108d487738f,1
0x01b3892660a844ca9f8606a149787fd394d4094d,0
0x011060b57f9e7ebe27ff13d033415278bf3e5936,0
0x00ef3b7e122853ba088a1833f7bd3b5ad3dd0d32,0
0x00f458047c2eae96a7aea42c4f8b768c8e93b383,0
0x008aea5036b819b4feaed10b2190fbb3954981e8,0
0x3f55029a9c79ae7a221a2d4f2e3046f99937ee2a7aae2403f67cec84ceaeaf86,1
0x03358c0056d24171cd3d29c6d9dbdc36c9fe080a,0
0x014c141194d4ef8a7c44baf2ff37190d0eace062,0
0x0016cbaf0e004f11379023e446071f468b6a70f1,0
0x0054c61a19e307ddd3ff81746487d7526f8c4a76,0
0x016fd003eef102d19ee92a00e93667cd9849b290,0
0x00d67c871344f9f9a0fe5efaa0a4cdca71f05e6b,0
0x056ac97cd9dee69660964278d6c689135e9780bc,0
0x0001af047e9fb5dcd99e6823c900f3d8f5b2c5f4,0
0x00e150d741eda1d49d341189cae4c08a73a49c95,0
0x004cacd0c99b2c7cbd97c1229e0f159ad025f51d,0
0x005734a34882113c2fcfa5bfc1ce477d11af3260,0
0x01639b8e85957a5c9d9dc4a153537144d837efd9,0
0x00a800de9460db1a32b3a383165bf9eb2023cf97,0
0x01afc37f4f85babc47c0e2d0eababc7fb49793c8,0
0x00031c96aae99eb00376e273e10c82d0ee77305d,0
0x0167f82398775c1a1175d73e86ce06bfcfe3aac1,0
0xecad79a50a1dba1148c22f99d4b4c88eae02bf0bc87c414eb37ca4583f5798e0,1
0x2287aa2d87b256b3d6dc79b84463911fd1c6b38b29957235d293b562e62872c4,1
0x012d1fd42e4f3a52ed001d67c7a7f08849c35764,0
0x004479d6a0a46daa8f88d0e3337bcdb6c26f4831,0
0xdb04dfe9f0cbb87b28b8238373641e11ad100f7b1fab4a55011b33bd8b5fdd6a,1
0x01b8ffa0433786a93e710e2fb460ce919dabd58e,0
0x009d82155dce2e052e0230b9e5af7ad9582a7f15,0
0x00b486093f34084f0d3227a776f74d66c365657f,0
0x013bb7458f51b2e4c06eed814b8ef353dac947e9,0
0x01223eb6b9cbe061f2f22e96f74936c0115ec6fb,0
0x00b1478c56dc9573481e3165d8370d5f05a17677,0
0x015fcab6a246cfc0679c33ef0b9d9ef947d0bde4,0
0xc78664e7e24b7723aed85d7c9f86113cd128b82087be9db6efef3e68b76f662f,1
0x008d9d457ad0a75c83d9a5e2b8e4ce89232b5083,0
0x006699d34aa3013605d468d2755a2fe59a16b12b,0
0x045d749112a5f6b28adb8b6c477426ad78c0fb0c,0
0x00513934474eee5f666edaad418ce9c1e2f48011,0
0x01ac08e821185b6d87e68c67f9dc79a8988688eb,0
0x0144ecf966096108b03148d0071df6c70c051a52,0
0xd68d7efe8614494837c4c7e2927e33e2d5f6bfc72be6ed269767a732da09dc75,1
0x01a7e9dbfb98cd1445bd72a3a2419f2cdc187924,0
0x1050f53105137a540b207a6f51df396754e23358b0cfc967d426bb0a1bbbb6e2,1
0x015f4e431bf6e28fe743486858016a036f460634,0
0x00d4a883396da27c108995985cf7a58d3b1ea6fd,0
0x94b071359c8432a0d6d8a5e5970698946bcc47ed8a37e470f339528aa5753ecc,1
0x015c898ff5d4a8f7e46da6ee9360a4bb4d4fa4ae,0
0x00d46727c2e4a6e358a8c0d638137a3d91b19be6,0
0x0155e3e2f1022c88ce784b18c695005c4d3f9243,0
0x00d3ae2a0a1abe4c3a1b180a081641c75ea9c019,0
0x002f6ccea40d491b9731fe5189896d8a950c5f89,0
0x002b52166024a3ba87a2bea436180289c2712097,0
0x01788f22bc0b685eed38a39df43b1ed5e4cb72aa,0
0x00d821dfa7de9ba29b9e1872e32609077bc89af0,0
0x0000000000095413afc295d19edeb1ad7b71c952,0
0x0173ed12a4e3df92b94a88b97875239fcf80c6f2,0
0x002eded60c6faf61b5dcfa8fb5832a388fc38523,0
0x70cb2192d2bbd6245513c79cf94f2f21a408b7cf98cb53af9f16a1e9be0c1742,1
0xb39aa0ab786b79217e9598130d0561c1269f29f826dfa802213f4a31b66896ee,1
0x01135aa6d0ae69fe24403e4bac2b0f76917c1fe2,0
0x433a626851506503ab496c45a24715e5a92a1433bef9c6f02ca22712de0302d9,1
0x002588d4948e32aba991e8df8d4de9aaa48e928b,0
0x00a7faa82cf9bd88f3643a73974e85d57205fea4,0
0x002469ed116e8e2764f2e0869bd95317ee634334,0
0x02b3c88b805f1c6982e38ea1d40a1d83f159c3d4,0
0x002c74b0cd9354ba5464db519cae76d7cfaa070a,0
0x00ffa5b4a43205235ec92d8570375c658da22320,0
0x01acb181f08a476dfa2b3edf42308c5e9c33fdae,0
0x012408dd7d43a6b3949bdaa281c123b19652a0dc,0
0x019f07da4d004721be67ce7e0b493c488cfe9f94,0
0x009b5d59ff6d7b5140b76fd0d25396f8014d5bd0,0
0x012089fcb1ce4970d5336b3a83322e8c1e66b9e4,0
0x0141aecd9dc019da42e0dfc250858a19f6c9e8c2,0
0x21318476755cc4edf552966002837b0b1460060e2940e38745809c230f7fa502,1
0x061ca01779d64763f18cca811e39190951fa4415,0
0x009e864923b49263c7f10d19b7f8ab7a9a5aad33,0
0x0005ee2ef3f313ae168451ef8174b4fcc508819f,0
0x05598d168fce17689ee2850bdcd0e461cac224ac,0
0x012c47e1f0bd3b4b0a6aabc8f010345d31028323,0
0xd6c02be0c5fe1ceab632f146d9e2bbd987299e8be1faf8b19d10a634d2f3826f,1
0x019cf178293f949162cc8dda75224949792d7b8f,0
0x0040fd6b4cb50003ea9fc0651592a113ccba45bc,0
0x004b58f15b1c672333c937ba34159af18a52f719,0
0xca1bbf3b320662c89232006f1ec6624b56242850f07e0f1dadbe4f69ba0d6ac3,1
0x01731040d5f4107fda6849f35bfc942f82666f88,0
0xf12eafb1c48f0b0d793e9e88ba2a3ad0a90112771e580ec92b07daa6e2ddc5d0,1
0xd8e1cef2499b31b7671bcef3e97e20b09ea01756441ac5d7997242b185d71990,1
0x89a7af2a13ac2ba599aec737d6debf9e3251f224337f4cdd3cd2ab42979fb3f9,1
0x015c50a6bee46d6c2fc916f19a2c4dd83f18fb51,0
0x0176d6746520dd73c2db032348530520d64e074e,0
0x005fab4c9d1ef0f3e41cd27b26cf05680c3bf947,0
0xce003fcd0985f8ecdd9d28ea7f86a0798d2a582f37ff692587bb6cbcd8168aa8,1
0x113f54c3c6ab79143ab240b7b9d9126487b94d856afbe0b9df67349345193d9a,1
0x0003c9d75e102b8a9fe77280ca410e9135beb150,0
0x0098343621bd97b8126249bd0b1b59dd81321eda,0
0x015a06a433353f8db634df4eddf0c109882a15ab,0
0x00000000f2cfa550ad4aae0f33bcaad5164900be,0
0xcc7899df9f7d418d0dcedd90d526dbeed2d33096e9c0e7961eda27f76688a90c,1
0x012fdf3183798f902314dd1f633c7bc61777619d,0
0x014b50466590340d41307cc54dcee990c8d58aa8,0
0xc0599287d3a5d325835a9d5e47c267c38b5562f5549aa1db52e704b5fa7bc84a,1
0x018cfc3fdda0c3ef0a2b09af9259401860bfe055,0
0x00a7d20b166020c6acf50b140ba0aeb5bd92e214,0
0x05bbbfa5e08b3716d38e0a77ebbf092d000b9bd8,0
0x05f8d266cb52e225e47f369221f7ff710b75710c,0
0x00b3e38ee59051a9f884faf82f27b56a152fd9e0,0
0x00defc6738342e4649e7ecbe225f030bb25cfda1,0
0x006b63744d31b8d1172c3e4e81186181bea7d889,0
0x00ec053f75a8189ef0763c88e483be4da40522ef,0
0x00c74c7286b9c4a5b98b15c7525bee7f9d1a1440,0
0xde50d4f9c5bb71fd083534555c1536b638fab4e792e4cf204f5aa4e9f4fe6809,1
0x01b49a225e9ba83f5260b8b7ee29159a48d4964f,0
0x35c05c27532d8e19c09c53a2cffa9520e4a98573a8fcef2e62e33396c564394e,1
0x00758fb0c83a68b6ce4fcf1d2665600f3f0e4570,0
0x0185e436d5258ce31ba462ffdc59cc1918e30023,0
0x0016958b8998d09c0cc8f0c19f5c29bfc286ea96,0
0x00419df2d339d69893342305de3a7e6d7cd14b5c,0
0x4518181610a7e37841333eed71bda5f9398129d6f4087f881aa6248b4c548c57,1
0x376f111c8e67ebce9362843e2276da29305a0e1559767dcd7aa45f25f4b6a5ff,1
0x000000000000c1cb11d5c062901f32d06248ce48,0
0xdfa8eb5dcb762348989eb5fc643b0142016de227ff3eadd58bebd8215253e9ac,1
0x00000000000c2e074ec69a0dfb2997ba6c7d2e1e,0
0x009fce0a98457aeae7326e9e0517db4409be0412,0
0x01103a951fd02aa59db555c188f702a5a28424cc,0
0x0033f269e2c7127cf7838a5ac5da579fc34c6e0b,0
0x00a2a414198ca375e01367e6687851e449709cfc,0
0x015cd0f0c3f213c144737f823edb4a086dd66ae8,0
0x01ab7d30525e4f3010af27a003180463a6c811a6,0
0x011d0278252320ec7607f2230f3db62c5f844c8e,0
0x015b192a652129f6ea8c03dddb030297cf721af2,0
0x9832a4f3d663db4f082b701d73caf8c12d8dd9db684b7a88e19d7019ec393088,1
0xe962b06db95db1dedb8b1664bf93bb8816c0cfbd187693d2b1ccd295313c94e3,1
0x00e82e98a2119aa175eab206706efe0df2c7d51d,0
0x0001fcbba8eb491c3ccfeddc5a5caba1a98c4c28,0
0xc6c3331fa8c2d30e1ef208424c08c039a89e510df2fb6ae31e5aa40722e28fd6,1
0x0179eac7402915c64431019d76875a7e5d86f7fd,0
0x000ae26329aa0c57b9badbdee2996624272905e9,0
0x040b078c75c2041d7445c50a5f7d88ffe9a2b493,0
0x01962144d41415cca072900fe87bbe2992a99f10,0
0x39dad8dfeab1a3ec81ee57d536ecc837ad1854ddd5d96161f24afb5b96166b38,1
0x018d7d179350f1bb9853d04982820e37cce13a92,0
0x56cf6d3f402e521e3d8c369e4cc249a64c20b14eea47501ec82261f15e4a1475,1
0x00555513acf282b42882420e5e5ba87b44d8fa6e,0
0x00dec796bc11e6fb8b5da13662cbd06720603257,0
0x00000003e02101799c6d82dc467db1fbcb4d867f,0
0x01331e8427f6849930a81ee83c40f365be45a93b,0
0xae03b08f220e5d7750e97e67ea85ac6e69649f6fd6d8324434f341e094cef43d,1
0x0118bf12e9fcc410dc6b9a50381a3b0674009d9b,0
0xb5c8bd9430b6cc87a0e2fe110ece6bf527fa4f170a4bc8cd032f768fc5219838,1
0x00156e5524f3a53a55a3cc6e95e57397d39daa49,0
0x01aab18b9186228354b1523d07ae06c5e8c414fb,0
0x00744fcdb6511e28ef8d396573cceb8eecfb7728,0
0x011cd4cd1e49ab8be68d6caf658bae1ec07247be,0
0x007653f4ce7009499e93d0f20fd8760ddc69f87c,0
0x0044840e9b4e6a08cba475cc89ced69ec3381266,0
0x00a40aece1911a36037b786a66b1869ddd0f6b05,0
0x035df12e0f3ac6671126525f1015e47d79dfeddf,0
0x015531a044bae03bf4dab1ceabfc232a969b7175,0
0x3e6171fd239d192b390faf89e04e3d993388658bb5b546bf31e072beb52fcf0d,1
0xb71437e21a039eede08e5ad11bb9ba8b475dff4b5c2cbd46289e5ede9639adf4,1
0x0000009d48b12597675a02fca9c317eadef152cb,0
0x0065d76fb407965a650fa2c0f84bcb52acbc83e7,0
0x00725b9eb28c8fd472590274feff863d5b048756,0
0x00cb80cf097d9aa9a3779ad8ee7cf98437eae050,0
0x017b691cd418f744df673fef49187864fe7d9aba,0
0x0041426a64a85ef884387dc3a69f9df1fbb7f9d1,0
0xfb7890cbbab669e40ba0d06af2f162d96cdf210b52f55f5b30ba698b911d295d,1
0x140d1cf2e2f6150f82cb331f0d49e7a1795e7dd33d0069dd6f8ab9731de78bf0,1
0x00d1f83ac925dd533adf791d08f92c6aca74bd91,0
0x01b2ad32cc88296d58d906047c5a3651770c4d20,0
0x00ff902d4b2bfdbd0db38887412447c30b565aa0,0
0x00eeaeb30fdf71089b448aae058be9d039fe8901,0
0x015693053f6b00dc7f8de8e58651585d207ce4ee,0
0xa10ecd2689857046f4adc7c61fc62ed691a0d16cfc03d76cc5bdca2315f7cc6e,1
0x009521282fd689d360942271263694402501f67a,0
0x00000100f2a2bd000715001920eb70d229700085,0
0x81050c3ad580b125796a63c5e1c9cd64c6ab25a0a34f410b96662de6775aab09,1
0x61092c396208c4c74430967e6061e9031ef80adcbb4cf64e58598a9e6b608302,1
0x00a7c81a7a50212de4f5c0a7d4c0ed79229fefdd,0
0x01b70786eea9c175e4580b067815aa4fe08cdae6,0
0x00000000bbcf7700a1b403c9eb666f350707b900,0
0x01a7c5889b7eb54aab829a2173b29186dee9fad1,0
0x00293eea1aa65e5b56c08d32f542b8135ec4150b,0
0x01afe4ed0cfee364307a67ec4ee28ebe480833c3,0
0x00b9399dda05f98fb6b6d3b1070601c5cc14166e,0
0xaf493d7189e7b47166b324f38bf927ae56bbe52e4cf147bfc070d30d45b8a3de,1
0x00a241f8828695924762171a96cce2f2b3f29c71,0
0x00d66db8a34d69edca9304af898ea44f23c42c5d,0
0xe4f99b2fb86a317eb16f7f288fda74ab07f0ffcbf645fb3b1a6490ca23206d09,1
0xea46339efaeb87fe2fe33067eb61b706796f933bfdb5243fd6817be4ab7b967a,1
0x0063b112cbc6803fbd143078512b643b0ec81801,0
0x01b50f50c7776f796074e89fb8cbcfa7a28ad7af,0
0x0018a411c2b57474218be2ded576d10ed748f3d2,0
0x33e3c94e8e0359b7a98b74a02454a52fad2a8fb7faee02f888807bc60f688628,1
0x01bb9c3abb9314eca2ce935aedad74998fec7f9d,0
0x01c0987e88f778df6640787226bc96354e1a9766,0
0x9d79a5a7648f44e74b34166e1513f51695f517e2cbf096fd9ae795e5d0d4ea8e,1
0x00aee05cd4eea8dfe4ce088a6220d6e0044aee71,0
0x01522e6c543ff04e74842abd0f2afecc5ef5c281,0
0xda39a3fc453761f4d6d7f11feaab1a98e027323a244f7145ac1a9365846a070a,1
0x00e9bcfab52c108505411849faba90e83c98101b,0
0x00e286b5256aa6cf252d5a8a5a7b8c20ec3bc4d5,0
0x14ae447e0dce7cc6e5a0256a91cc16e1a85104f96590ff23fc72c58b57165162,1
0xe36c58ba98181d2bde57335cfd4b30d9d0abf0d967762872f3721d73ae3ded69,1
0xd8aa49db17aae9ac50867fb9c4db51b9782b105d8ee1140ffee2ef21b009dc31,1
0x0128e4fccf5ef86b030b28f0a8a029a3c5397a94,0
0x7514a063098e323d2f0eb6c99b7e57e7b1389ce0ab4b05f38823a89ebac810b4,1
0x01217729940055011f17befe6270e6e59b7d0337,0
0x798aeb81f16d7b9d69f6d311264963efff6251598a4fa518948de30a823d7351,1
0x015e220901014bae4f7e168925cd74e725e23692,0
0xfb5a4d1aef98458f673f301c2e713613662ad621e8f57065a4da58a6401c0b4d,1
0x0106a1122fe94a9cf151097c1fe17229ec78ffad,0
0x034d76ad1b319465fbfd93b265b4434093687ace,0
0x013fae1ab363a45646222c7776071687518f496b,0
0x4d8d7e6f2bdc49e724b8d2a0241cf31d0911a230fa17230c7f025cead1842e93,1
0x69b69c093b813d99767afceb448ef80da9ea2a42a24fa408a096500340c26ced,1
0x01010043eb2f199120d7fc54e4ed367a697d79ae,0
0x01b0fe0b2cffc0ea1be219093a2d826685f480a8,0
0x01289f699fb3fbff7c94c597fa784eb971d3fd5b,0
0x00b955b7fe9766418382b41c40bfabfcbd0f5751,0
0x00765eaabedbc0ec71e922178b5cf6f5632ec324,0
0x01582f53baad0fa7678565ea8632b7b933f2a323,0
0x0290ce98783660b545f9a90a6a41d6d5d93a6954,0
0x001b6450083e531a5a7bf310bd2c1af4247e23d4,0
0x0004477d30634b6c7343701fcf5a9c6867625e1b,0
0x00ce26f43cc3dfe0a899ee011761066cea8d2179,0
0x0145f2886fe120fc9985de70224cedda7f7ff39c,0
0x0100546f2cd4c9d97f798ffc9755e47865ff7ee6,0
0x531e42376038809d98fd488edddb33126431bda870bd3f43984025486a3f4f68,1
0x006d1194256a0754b489dc9b8596a4c4a721cb9c,0
0x00323a300261042dd5d697e3f92a06279cc7d15b,0
0x01435677fb11763550905594a16b645847c1d0f3,0
0x0196cc470e0abd835ae8fb4dd1f4bfe2d400c8f6,0
0x00c599831135e255cbbb4625483f22e8db7ae47d,0
0x0031d5b40bb7db05ce996f0536c18a452c0bec53,0
0x0165b0fc62cf1a0fdf50ced97321430fd1693ddb,0
0x486035b26c0ad30a4ee29b6e6e763c2afe1aa9be503d44f928437f98f8f8a185,1
0x01ca3f774742e0b12e232a9004fa698f45ef04a7,0
0x48d603a98481d375efed2e2e01b012c1a343000a7e3ff4819514401768726266,1
0x00fb51f257cd52528851089180ebe2b6276d3920,0
0x00a3cce0ea1bccd99047aa9e1553188925ce3689,0
0x005389a22ef7ebbf8b0022052f9f58e374f48ab2,0
0x0072adf9e6c1840804e56be890d78788600834b6,0
0x06081538d575ef1afcb2ee09e5cf6eaacb7cac84,0
0x629ccd0b003c9b2b62379c0f0c3dda9050a292b705dbefb736ac78a7642fe3ea,1
0x0025ade782cc2b2415d1e841a8d52ff5dce33dfe,0
0x0077d27cb82ff12322987b225bfce0bb6e8931b4,0
0x00ec37a5c158a04cb76a5fa798801b051ec8c7a4,0
0x000bc4f31d2c8dcc66f6f1c93bb00920e3ea6c5d,0
0x009a8670e74e1dda3e449e93a9308e5977949967,0
0x1c09fd1464c2b4bc6f34716862805f40b8504871df055072f1bc5adecf774a1e,1
0x01bbda6e978c006fee9caf0fd717bed19fad9a24,0
0x725f0d65340c859e0f64e72ca8260220c526c3e0ccde530004160809f6177940,1
0x002ccdb4a53a760cb03984db3e8e91325c4f732458d0f21603f64ebb536e4e6e,1
0x01471be4cb69cbbf5935be8884ec941291a3e038,0
0x0012493dd0991f292d0a4774afdd19f007895470,0
0x00c9f7411a4498dd7e2cd0cc7b26eb549c7e0037,0
0x00c6ece497055ff8cb45fd60d44b77e2708a2bf3,0
0x06da725d76cb224aeadb299a92264c6e70516d3b1b135a6bea8cf7163a0ad2b5,1
0x00d1793d7c3aae506257ba985b34c76aaf642557,0
0x903ab71fcf63fe3beb649317dfccd89845f6894d2c6f39c714564b88b2165dd6,1
0xee38418bdf6aa9ab95e6d54f18ce88d50ca6fb9630e8a1c3d399c804e21c1598,1
0x00369b41e11094938355e475aecb8746988a0137,0
0x0077732357ac0f29e26ea629b79ab3b266ddb796,0
0x01a7abd1e371d7a43ebbc1f17cd2660f1d77287b,0
0x007ee69005180ea1cdf819d4d7a21258d58d95bf,0
0x006c21eb2fb764acfc8aa56cc213abefeef86c63,0
0x002c2ecf692dabea726d9129f2794c011d280c5b,0
0x0197374b08702ee7bd26112abd8b174c068051bb,0
0xacf7f9bdb9fb13ed36b2b265e796e39adc5b47510af259a73c949c38a617b5d9,1
0x86794b589eb0e4f86e30f28c3a3d85f61c510481704894cec8903f0a1fd67236,1
0x16718a6df144de749035e4763946ad56d3dfaeb5d151a82f913698fa4ae28c3d,1
0x191e3d08dd09935f4581b602f7895c9459e64792c029c2e08a560b483d80a0c6,1
0x01a4e9f06616fb5a90405ae8f2cc9a797b9c60e0,0
0x010946a9189f4fa8d6bf01d2fa32e0edf3d6e03b,0
0x012c50885fb607fb111e810021f1d876aa487b22,0
0x0fdd9a2e32b8c36bc4827fb5fe5a2d5bb4bb49919a5c311cb0d5b5d37b98a3b2,1
0x06270c6af7f20559a6dc611a4d76b6fa398cf454,0
0x301952245dabeec1d06dc08e93b55bc69da0729fc7b1a6971de9383b611e4b37,1
0x0161c7c7dac00d005dd66edb38294229c0e2d3a7,0
0x00000000000045166c45af0fc6e4cf31d9e14b9a,0
0x010be6545e14f1dc50256286d9920e833f809c6a,0
0x016396044709eb3edc69c44f4d5fa6996917e4e8,0
0x000000085824f23a070c2474442ed014c0e46b58,0
0x03bf707deb2808f711bb0086fc17c5cafa6e8aaf,0
0x96a2cfadb19cac9ba2a21c1f32b6f21b6132afe1b4f4698dee563ca01ec20e01,1
0x005998df532de1820119e3ebd50fc90a4e8e8080,0
0xa0dd10918860b2a144682c7dee77be3f3d174c09ab5a6b0c96842e4d16b4f152,1
0x006090e6fbf5add663f76d16d4f8cf2907801d3c,0
0x0151f9726d0c056b8c29311029cc43bec291820c,0
0x25eb536f6ed6774921a89afb8cb5dc2684287c7ea997635ef7a944f07808be4a,1
0x015c7c7a7d65bbdb117c573007219107bd7486f9,0
0x0000871c95bb027c90089f4926fd1ba82cdd9a8b,0
0xf792f288e0e23e0d65136de3f309572e29890735586cbd21589fd8bd5ce0cded,1
0x00f27a934cc1c990824ce8621c15aacb1b11c13a,0
0x004783a021c10adb967110884b925874a261ae4f,0
0xc1b523bbf29861c8737a22459f0c973aea923098f353fb3718994ec756c35ee9,1
0x10c93b07d287419254869c45c2323df43110cfd294434694e7467d0f51465231,1
0x000000000000cb2d80a37898be43579c7b616844,0
0x01a08178ba3d0ddcea35f714e795982cf39abb28,0
0x00d69c8146a1ec22e5e980a6d83efa450ec2647b,0
0x01126516d76cd1d50d92e9a3f8e3700cf945a6e7,0
0xdd5dbe372cff6f45102bd9ed1ee4e045bf96af69348ca0325b816005aec500c9,1
0x625462b2ea481f47ec00346b77053eba49d25134ec81f3f57c85aafd21056308,1
0xacfcaa8e1c482148f9f2d592c78ca7a27934c7333dab31978ed0aef333a28ab6,1
0x96ca4587f0b44eaa7c5df083d5de1bd43b4674416d4804aee6548b16ab87e126,1
0x01a47f1d07f1fd01b6499a4eef7abdc5e9cd3372,0
0x0160ae697a3538668cdb4698d3b89c7f36ad990d,0
0x01672cadad43980353758c6a000e92a53cd101d5,0
0x00fc4bb5349f1104d3252c36c308688651e3eb1f,0
0x013c6d01ac343652066a6649d6e446d16da428d8,0
0x00b674b8a646b6db29330520735b03cb6a301bcd,0
0x015ece4a6f8ee5cb7ec38e76249f877dc3e96130,0
0xed3618e6e9447414ef9da6bbccb33f055d79ff9ce81e40b6889cfa26ae9e5973,1
0x470a86e00f9cf0344f503b05cbcc90e04bb922f667cfb99fd31ff99825f626ba,1
0xaedd9444fddcd5d95868d2fdd49c6289db7b68091fc9105dbb8b29f5ee121c77,1
0x8b45f38a0878d1c5117834ea4411ee5a9ab1d32e9332655bdf7301bc011e5c4d,1
0x0191c41dbceb20a612b25137133ca719e84f7933,0
0x004e74ff81239c8f2ec0e2815defb970f3754d86,0
0x00763473e9d7c82f38ed843f021e2558d7422ad8,0
0x014a543f767b3b06e31a811b0a75483ee8dfd72d,0
0x68c900fb23f766ee989b73c9845cc1d98ceadbd36f586e2db47d5acfe60857e2,1
0x008ed2d38d6cdd6fa74ff081a70b15f77d92da05,0
0x45bf5d11f27e0ac56f893d45bf5b02fb0f0e9d5e0d2e7af60f2a01c40e3c761d,1
0x014eeff094afe3cef9c6a129ae254fafe822d425,0
0x01be4fe7b40a9bf7c9c73b1713b9823285f4387a,0
0xf1dce75753f10c51bc58ccd78d5b5099d09a22a2b03062ea3699c0785f6ce709,1
0x0428e4aeea9b0d64e4675da8d7d660ba779cf206,0
0x01252ed202959db517ab4e4871ad83e80b53805b,0
0x0033c144fad1ec7827e00383c0e0cd0ca672afb5,0
0x01234567bac6ff94d7e4f0ee23119cf848f93245,0
0x00b8b059f132009e5a812f27cc42733d135915df,0
0x0150e4bf7e78dced033851795c416a83f4c896c7,0
0x00404a98c5fe8d3b313ec25b6e612391208d52cc,0
0x061876fdc9865de160aaf901375721c6d937d932,0
0x01a50d2486eec0b24b655cf7bda37ccabb6301be,0
0x0056b0179572e06493185617013ce9b58a0f9528,0
0x02400a41ba4a8e6173c5cba8077af8c56ce55f689c8d2b634515ab2458c52826,1
0x00eac8324053b72a43fbf65aeee36a9eb16258ac,0
0x00059ae69c1622a7542edc15e8d17b060fe307b6,0
0x002c0b78c8057636918b963cd26c07b7f2892bd8,0
0x01a2494d330064d829125b59548e44d42bbf0ce9,0
0x0155e576db92578baeabcc72a1cec037dd856065,0
0x00ea2894fe840f105ab99a8f8f75b1f17e94843a,0
0x009b30b534eb6cf512f2842efc5597f3dbde3344,0
0x01b40ecc562395a479db214ac559a4facf147cdb,0
0x00281dfce4cfd72c0b6fda2aaaf077258743f9e8,0
0xbfde287cd08512e0edae0df612d72323173a18debd8f06ea9c808f6a08311de5,1
0x0142c3b2fc51819b5af5dfc4aa52df9722790851,0
0xd812b28a62847f9c6036a794c754cb243b0d20d6a215b361371c9201621b69af,1
0x000bb32d688c0be8ec999b99ec210c2f7f91cc2d,0
0x5b415454528128f12a699582a45254bd8554085247e1e8fcaa2893c77e83140d,1
0x00319f722bd546182cb2c701ca254146d3f084fc,0
0x0078c9f055d2c72ba31fa4f87e40170adff91674,0
0x01b07db89436ae078f949cc539697c490eeb539a,0
0x0124ca9811fe1ebe1851a2b63436614bd24b47ac,0
0xd09b72275962b03dd96205f8077fdc08bec87c0ebd07e431aadc760f31f34b01,1
0x012eed444ecee53dc54feb55fe6301bd819a497c,0
0x01bfc09b749ef18b13fde2dad976cc037ec3e22e,0
0x008f30da26cadcb938b5306118fb1d8b8fe1a276,0
0x0000852600ceb001e08e00bc008be620d60031f2,0
0xfac1fad1e1efacd46e24f3d199a913bb6364d5237dd7efa80c3268b3ab0eb9c4,1
0x00d9bd0e5332d3b1e5d6a3ab274c01cd7b5657e5,0
0x019883ffcae8e7b913e298af748719592362619d,0
0x34d996b92754dc3895a52bca07f6785d62d161f95b364f81d2c5d87e40cd44c8,1
0x001b22d44e1b8edf01c1bccd08bb99e2e6198092,0
0x002e351cfc8474e7a84d54f1127fddd0a769f353,0
0x94000c188db2a100d13347b1c0c81209ba774a66fffe354f17ac9a3ec0a4f532,1
0x02c03b06590426035222657ec4f1d99053350952,0
0x015b79c21b7d58e25bac7977711db280f0efa7e4,0
0x00c8decc1ca373a99f1c2a341be50f03d35e03e7,0
0x00aea7750139a90b9e85bf91a3482c579d3612c0,0
0x05263643691c9c6bd9ec6de5e156347e025b795e,0
0x0157da8f5833d11c9a95a026d99e2b7cbc11880d,0
0x01313447de0a034970455e56e02c68ff5fe7f65e,0
0x0329bb635ed00e76863c324730efbebc66591fbd,0
0x0001b7fa59950c817b8caa0526f793863c6c2d74,0
0x017ac7c153b8897b63cb441a78dd27117fe7a517,0
0x017ff603cc711008772d32c03091d3cba371bcd3,0
0x005275450e77bfa6bcbd04d85175d5d0f2dfae43,0
0x0085c150c1eb0e084e50a80bea91bc414aa6cbaa,0
0x00178e3995d1b8ed8ac51486e21d67aa2d513e2e,0
0x04a3f0f6813e001b25acde6562521ae1ff77cd47,0
0x00000b233566fcc3825f94d68d4fc410f8cb2300,0
0x009acd89535dabc270c93f9b39d3232105fef453,0
0x0126e68dc0494d6b25f264d80e15759e150a3d9e8554070410c6c7a40745bd5b,1
0x70977789e783b1d04d8d3054172fa22174f11ff401e4f466fceac0546749d377,1
0x0d700a669a17feab0791e3d4098960cae48026391391362fffa54c9ff676339a,1
0x034455c8a9882bf44c9704c780a55198e05ba559,0
0x002e2aaa6648f5e154050caf2b2c67af41c4d455,0
0x0068bb604413dfee5c453907bb150d0312a0f257,0
0x004eb6219576096b5523acc9cd7b0662fe6e1569,0
0x8739ac3eca8aa859b313e3471b1d2550ad43592afd4fd7c64bac6dd6b9992b0e,1
0x00c65f7dafd5e9af6ac935c1f05696b677ef3240,0
0x00d0a7e43d8a32b31656368ad02324b86e7d88f1,0
0x018d9fc19821222b4dd92e1c65c95d55192e49f0,0
0x015553d587f02792b61407d39d02ad3c536e5209,0
0x00f4969458d8e6a6c8ead5d5b5878e6f375feea6,0
0x00d53126139c547c7bd4f4285fc3756c2f081ab1,0
0x009a15f4a8a3b2e39188cb8342a9c15ea98247d7,0
0xa2c41910680b72e5ea236304b89cf5af9630a6f440649f50653235f10bf17492,1
0x0126251f950cfb9c5f17c7cbd18c9a0296e43bd8,0
0x73f312a0c8951e77d17f300c1d10e48cd2363b73cdb727d217c33fd99f97670c,1
0x33592ea65509470ea8c478d7989edc817afaf0b50c7d3a0285ae5eee8feb49ec,1
0x0018e66a1dea81fdd767cbb15673119b034b5cf2,0
0x017347540ac86ef7bf81e1ff81989f9184090098,0
0x054810803ed0fe50636934393892d72388ded127,0
0x69516d65b69d42be882ce80b623add76bff9a8d1514d7fb9f6ccf7d26d635bbc,1
0x6472be941d7662cdf6a56f0ac8db0fb7816278a12f14fafa529f0216c402c3d7,1
0x5ae6b010ff183ae826fc59d1d6e6cfdc0dda52448615c7f59f0a52908bc6da31,1
0x0075f029648ffbd2026a7df1e9eff27ebc90ca65,0
0x00153b7c47163a2c2fabd9eb44745678f709800d,0
0x00f4be5d58aaa93118cff472130a696927f2eadf,0
0x007d4fed479e6903a638ed4d7ad890df56f937cf,0
0x00cef0386ed94d738c8f8a74e8bfd0376926d24c,0
0x0189c1f3181e4de8e2825a3aa85e40135b607dd4,0
0x013a06558f07d9e6f9a00c95a33f3a0e0255176b,0
0x0168641651b4df695f904934fa3a5bac06599768,0
0x0015f391949f25c3211063104ad4afc99210f85c,0
0x017c5e3912cd04982eb27a6c8f32cd5d31bd89e9,0
0x06152e8d1a63361714615cadaa6fcbe8c40ba9c6,0
0x018b178c32101a54f673151ea904e247c30b4014,0
0xe8a689ba79028e28e0289af956ee6970bb8e9bdef453875c252f9e01bfed3f68,1
0x227848b6ec2d03f5fb0e541b433cb5d0da62bd4b91006d7bd90e61c7689f6484,1
0x00bf70e1ddfb8984d0af9af4b29ad3ec40d4b84e,0
0x67bde73600ffb9e6e7278f3251e6c388f5f7b2f685da15208d0033201ac4cef6,1
0x00bc94d0102c4a6c1224b8b1f9a1172dc5d1a1f8,0
0x00f2c883cfac1dc2822ef15ce4470aa2b24ee38f,0
0x00000000006cee72100d161c57ada5bb2be1ca79,0
0x000100bb517e0c003200502a822083000a3b005d,0
0x00636d0fd88135b8865c6c2caa4c498d602a4052,0
0x0182ac5f9a1c300310578c483a9a46b8bad6e8aa,0
0x0071109007f86307434d683c576b67ff64704661,0
0x230c6d74f37aee924843747875c7a4020247ce3fb31dcfdd403e95971229da44,1
0x013d0ab50dfe291f61b3cc293639d02b84063204,0
0x99cc992de6e42a0817713489aeeb21f2d5e5fdca1f833826be09a9f35e5654e3,1
0x0144b7e66993c6bfab85581e8601f96bfe50c9df,0
0x00a66189143279b6db9b77294688f47959f37642,0
0x017e701b153d63e4ee96f1cdeb6930dba060ced9,0
0xaf9a9ef59414a93080147aefae9083f6a0b79074ed38988f76789b8c0636622c,1
0x0074d43246adc737101eca26bc8681c481d10ae8,0
0xccf6c2825cb12028e51baca013fbc4f88262b6c23c93d3972ed09bcd6fe99984,1
0x085b1b935061003bfaccdee76eab0644f16a1dea2d332ab685c605854abf3ea0,1
0x0043c06ef1a707fde07953ea59d233bf0fa58b05,0
0x018685263f1bd8049330fa8bfce7f35fafe7a4c0,0
0x6ca5ec7fa88fe50cefd4a140eeb0e8edfd3225eebacf2c6a4f41e4d4784f9ebc,1
0x0062949b16a5986b3ae10facfc56c86a36f47693,0
0xf807a15edd36f1d4aab9e4716f4ec82b0a59f659572c62a517b882ee5d895cc7,1
0x01112a60f427205dca6e229425306923c3cc2073,0
0x0052f815d82863365055850e888a71999d2303c5,0
0x44caaccbc241340e843fc6f7af042fe15694b60c583e57d256131c106e0295a4,1
0x0170227514a274826685bf81aed06e4218175572,0
0x033fae28f5d661b911f462b0da19451b9d9fda8d,0
0x0192dcccc9656da0ee5fad2026ff18d579d66f45,0
0x017bba5d5d32feb687fdafb9700418d55daad091,0
0x006c7a91ae21afcb558cb1035148a880e5407e9e,0
0x012408ab1ebc2d81188dec52944fd9d31805880b,0
0x0062e2da8cbbfdf034c72f5b9e6d973cd180aa04,0
0x0000000fdf9eb269b38e39e058f45d7d0ddb60f9,0
0x01197aa0881fe4a90440cdf89bc7959555ff354f,0
0x017972a59fb6cbe208c59954681567fddb14e170,0
0x09f97e8053ba1b557dd9811d6572328a2cddc7d8576fc048af0a64c644d67edd,1
0x00a773bd2ce922f866bb43ab876009fb959d7c29,0
0x0041632a28a3de907bb3f14fcbf2929753447b65,0
0x0000000000075efbee23fe2de1bd0b7690883cc9,0
0x03cd29d3640227d76bb01d0c8e28400ab239235c,0
0x0000000007927ce78919a6fbd7c200ed3eaefcec,0
0x0168703872fa06741ecaa9dff7803168e83f7ae0,0
0xd1e140833640d009decbdc6ec3e6bb4e6f1fea57876b78cd6146814b103b2210,1
0x006d3b48cae4a7ecfb50bd96ec590b3f6b6a3be2,0
0x003a6eaf755c738d60e82d9e4c8eb2fb05b5d338,0
0x00c3bedb44d4e3521563de947f6800aa4302c441,0
0x0066504c088c8696f37bd938e1b63ca5f88512e8,0
0xa64b650d1f3fbdbc6cabe439caf3bd9d375f45b02f5cba77f24285b300017692,1
0x0000000000004946c0e9f43f4dee607b0ef1fa1c,0
0x010a45801ee731e016aaaa68ee570b9950be0e37,0
0x00f8d7cb7bbe949ff6310253b128f0826a854818,0
0x018995ae3c8b1aa9a144fe4e3cf1390efe46e844,0
0x007d8be806bdd3d5bb456269a6779cd0e50217e8,0
0x00da328ea462f75325770aaf1ade0f457ddbedc0,0
0x71e2e18665d16bb2064bff4ae4c6e5a8bf366721e511242d403ad9aca5b138fa,1
0x36b71a0f6a7ea0286befb20621191e22b750aebc8702af17e5bfb5af92e1a628,1
0xd243ae6a2773a2f7c38ac3fa6d0c460ebfbf22220d1829da3913ab120595040f,1
0x01ba93514e5eb642ec63e95ef7787b0edd403add,0
0x003fb03e851f435e79066dcf652d84b53f1d66c5,0
0x892503709f0b2de693de71bd6eea8b9c67952bb8d1bb8b9ba9307db92ff46c6f,1
0x0062179227c03efc81301ade144f447f2561edd5,0
0x00f5e5b8cbb3c91a82fe82eb5fbb023543723093,0
0x00e262ac0648b3478c0751afc6febeac320b1370,0
0x6129de8eb6c637d47ca6ca9b063f246942c3d2c8c703e3ce53f1f1314dad1ed0,1
0x000000000000541e251335090ac5b47176af4f7e,0
0x0162f828c99e967bf2337a61470ec0ef8b64ff06,0
0x007223708b82f8e94307c1b004f8c1bd9d26b232,0
0x81984c1e8ed4befe7fce952e2c45229a1d5ec69ddff5ce18ac2602acc22adbcc,1
0x01b994a1f31fb811fe41e3e4cdb11ccbf6a66554,0
0x4288581b6783d84c5afa82c72d82e529b53053e555bb93bb320983dd6715dd95,1
0x00aa1c57e894c4010fe44cb840ae56432d7ea1d1,0
0x00c2999c8b2adf4abc835cc63209533973718eb1,0
0x000c9f7bccb554e8c3b36a1e8331cbc669e46d1c,0
0x01ac1614af4925854690c49295cd02fcb8b849e6,0
0x9901c2669d7d00079e8f84aec48ed03c620d50077231ccd98a2fb869bfe72a9b,1
0x01bf4909e6bbe9ab6cdd1b92ff750bb64b1710e4,0
0x01388f9242964e2aaadef6379eb92276acb5520e,0
0x591d054a9db63f0976e533f447df482bed5f24d7429646570b2108a67e24ce54,1
0x0031b7ac27d10c75072d2399323d4ca4751c4642,0
0x004ea549cdc104479b202a3f5c6c1ee78f200da9,0
0x002c760099e0ad4917b5d12feaeff62b5fbf0785,0
0x006bea43baa3f7a6f765f14f10a1a1b08334ef45,0
0x767c2eadeeadbeb96d733acd2522b1f15ba60f4b9d254d77e952561f72333251,1
0x21a8e6bb88dcb1acd529b5df02cbed6a6bc8e17193a841df01877ee346d347ce,1
0x0329d23fc7b1b1e6cca57afa3f0090f1189069e8,0
0x03d038e2b43b50b7fa2a6e04b89fd70d5d806b91,0
0x0140ac0f46cca38a6ebdf14fcf699fb6b5912c8d,0
0x005186a4a9c1925622d5c7c52bf5549b500f5714,0
0x016d7096a73bf466f444f286e704d81d09babec2,0
0x00e126e283b0e116470a0f6d6108f314e5cf2a0e,0
0x016a7287f0fdbdce5f903334f574b2238be3fa25,0
0x0183935d391bf7ac80e58e8decf8431f392bbd7b,0
0x00fdfa422d5b5234e7fd7e6f3dffb3724dce253f,0
0x005843e075e77ba46a26d24914db10a4d9ca0122,0
0x01c7a79458a9db449a8547b558c83f0bdc14c11a,0
0x00de95e3797eee1a2df6c62bcdbc8013d9a0f6ea,0
0x02b7db0b68c4c0f005e31cd27e17e39540a45b32,0
0x005b148048e06a250939f5b0fc32aae19c6c2c84,0
0x01b83ca53db8dd8b4637df5e9116bafb5626869c,0
0x000386e3f7559d9b6a2f5c46b4ad1a9587d59dc3,0
0xa468b200555dadaac2f1b31373b3bcf780be2d268b7bda45f485075a751876c8,1
0x0157c35b65c2957fe45de8bb00dd65cd7d1f01c7,0
0x0171319fe592ad379eecd173b45e588334c844df,0
0x009c3b17e2ca0e65db6e317f1dbb2b6099c26fb5,0
0x01145545db3002507681c9a6572a954b1d6af9a4,0
0x01877a9b00ae3c7101525721464f3e5840e07f49,0
0x980707bd6ee064cd21d0f2a6eb4d7b620f7fe89c896b6ccb04d955a1b574c7f3,1
0x6d11803ef4a69fc9c4661931dc5fe2ecdf8add74766f81f945ffb7f9539bdcdd,1
0x005fbc568bf43be8f2810d25862e2f85586a0af3,0
0x0024405f53afd6dd3d5d15b7fd4e214219bde182,0
0x000a682feeeffc5e56a58a3b015fb07665d8a979,0
0x01a4d3df9c73cf6357361d07f620c325853eaaf1,0
0x5a93cee6aee222035465644cf505bd5087f2ee4dc8ef77eccaaf9e7cdb096807,1
0x002f06abe6995fd0ea4be011c53bfc989fa53ce0,0
0x0034ea9808e620a0ef79261c51af20614b742b24,0
0x1aaa35712784713d9ef40bf4848132cc031ce04611d7837649a7f0bf3e03bbf5,1
0x00f223b85625991bd817a463958560699707b9a7,0
0x01022591fce0609b57670beba60102dfd2b95d77,0
0x005c80b82df03d30ab66b2dd136140cc9ab257d5,0
0x0095e51f0c0c39b636e24ac014ce1bfd0a8bbb2d,0
0x01089e8e7796cf16789440f8998fc18413ef53c4,0
0x01886cabb4a19a89fad686810f2ee60459452cf3,0
0x791995a65bc6b8b143da6151ff4265f0030c6d12adc5e10b94e80464a9ed4413,1
0x017ba9ac7916ebd646e7c11dd220c05c5b790224,0
0x215b4c2f833de2641fd773963c1fb13802c07129e39c5db6d416e664bf662a27,1
0xd76d06a81b8e29f0348b68005ac395e3295586c921fbbae4deb60a0c92266983,1
0xa2c14b11d3ec37c99e76bc88ee8cf899e51130e51ce2f76935af1ba6679e663a,1
0x012233b3c8177f0778d910ed88170b82de3bfe57,0
0x003f79d7be15dc1ad90ce00e6ea68f335e2b789b,0
0x014b3441eecff521df15d276c24697089a21ac1a,0
0x0192e49b16090fb626873f18670eed36d69d27dc,0
0x00d0f137b51692d0ac708bde7b367a373865cffe,0
0x00fa82ea9be4e24ec6d7ed86ef93bfe85b9a3e68,0
0x013037f7e497beb2903e9b73603c6ae30648dbf0,0
0x011b6e24ffb0b5f5fcc564cf4183c5bbbc96d515,0
0x00661858b4a0372705be6ccc4b1312e2839191da,0
0x000000007a58f5f58e697e51ab0357bc9e260a04,0
0xbd8bd456057f5123b09031ef571e5c1c7caed1378acc30175a864d9859a3c1f8,1
0x00666c48d30f7db50618f0e6d74abdcc2ff123f1,0
0x01aa9c6023ce74282aa2705d6cb89cea76a18be3,0
0x006936f22c894f8196ffb3ee847349cd35219f55,0
0x00a7939715f1abd59885ffc3f3ddf73a8cd2f69b,0
0x3b88b285bf45740052ff71a74e74b60f564a46cffaaea3a56172702b085fc96d,1
0x975e1dffc45ef4a01f910e8025bddbf6eb88b6a6fc38a3a8a1e389fd4e002ea0,1
0x02ef1ab60bad42c8bc6d97ac579197715b5a3a00,0
0x011864d37035439e078d64630777ec518138af05,0
0x0111842555a378cbaa937eb02818101d0040733b,0
0xf6dfdd6b152d9bf03ff296ddc980757c198e8bff0c85f949bba1f533ca493828,1
0x3d6c7922d402b89a8970e943ac3d6d39f2fb6a9114fb8abc373385473eca31ac,1
0x01a9a2b8638451d447f0027179b19e8843963a88,0
0x0602f07bcbcd894d01b5e6569dd628fa39e75c89,0
0x005aa85499bfe43849ea167c5b78076f3510131b,0
0x93684b238fd392d7f046eb10295f7a3505744d689a2246c97211fe0a9e787df9,1
0x00bd14818f7564a16d1d88898c834d86fdf3507e,0
0x041d35f276266f123ffad9fd5de95f71027bcf17,0
0x8946036663ccae74387c1f2c3df72e6e8c1aa2a3168ae6ff67d709266c1a8ed4,1
0x00c70e8b3c9d0e0adb85993382abaae2a11c5d96,0
0xce5e23f35193c8a2f02243a530c39dbdd60bcf6ea35b291590e3814e0c293cc9,1
0x008b5a5ffc99974b2139ba9ca68d4388cb5c0af8,0
0x90b97079f8cf445c7831d12494633ca351040a6099595e8980c6be84bb8408bc,1
0x00d76633a1071e9aed6158ae1a5e1c4c5dc75e54,0
0x017ab1b56a25930f58ca7a2e0fd4024cae89c7fe,0
0x00d4a9103bcba7d0a8f3fa1aeee7275b24c89939,0
0x0110ad3cf10a6d04993bec37bdccba6ee2c48a27,0
0x0003590d5a65a27163b23eb0721235c40f2b49b4,0
0x015ed43189744c314eda90162d8a2f310186a93f,0
0x00be60d1f1338ef422246f6a791084b114ecf769,0
0x977a48755a782c0916a399d1f32dd2900bf3938e1333bcb917427b314730551d,1
0x014b6a629d6d8deb6f2cde20e2d5a99d4a601fec,0
0x9ac08d865feefeb644d34533fe59fbf144e55fa2def302ede1e966a6b8ab025a,1
0x0187718c94d50d7a8afa4c62bbe1d7e6c601fced,0
0x193016ce1ed6c7ec6377efd89309f7415c21190619b8e1fe625a6cdcca4f5ba5,1
0xe6ab9f66484bfe248c83125e80763b93053fbc7fda249f5fba0d6016d751f579,1
0xb1e60a1cf2715fc99356d3731e44538bb39d0687e3f7beb6c1f6a7702cd19f97,1
0x00a103267a22971375c3c37d6e1f1bdfb548e946,0
0x061458eaa645daef5164ffba9b2996393668c95c,0
0x0027449bf0887ca3e431d263ffdefb244d95b555,0
0xe5291ddd93d92ca9452a963fc5df6b3982d27734e42c42e1d7a99b8c75ccd11a,1
0x00de4c95e86efdc11c3d0b500f239290e5b15545,0
0x03256c52e51f01e58a0ba584ee35e1950cfafe9f,0
0x00573a6e69a3feee3cd9e923430fa3534d158fa3,0
