contract_address,contract_tag,timestamp,contract_creator,contract_creation_tx
0xc54b5649d9d93f3b1665be6f0baccf17dc467f75,The_Idols_NFT_1,2025/1/14,0xE546480138D50Bb841B204691C39cC514858d101,0xd9870068e40f8d7c4d58b87802c4fc830acbd90ff3e44460747c3a0727dfd3df
0x22d22134612c0741ebdb3b74a58842d6e74e3b16,The_Idols_NFT_2,2025/1/14,0x22d22134612c0741ebdb3b74a58842d6e74e3b16,0x5e989304b1fb61ea0652db4d0f9476b8882f27191c1f1d2841f8977cb8c5284c
0x0d6953b4359e5294aa6e892889c9139f4c838421,The_Idols_NFT_3,2025/1/14,0xE546480138D50Bb841B204691C39cC514858d101,0x2bda71f5b6c6a22a8d74bfd96fb7a9f5b820c707120b2a43f1698b3603767e7a
0x4e3aeb8ef081964aa6d0e8fed2466fcb6a87fc6e,The_Idols_NFT_4,2025/1/14,0xE546480138D50Bb841B204691C39cC514858d101,0x45bf5d11f27e0ac56f893d45bf5b02fb0f0e9d5e0d2e7af60f2a01c40e3c761d
0x75d296a26f4cc1b49348f02c3815dd047d56b4be,The_Idols_NFT_5,2025/1/14,0xE546480138D50Bb841B204691C39cC514858d101,0x14ae447e0dce7cc6e5a0256a91cc16e1a85104f96590ff23fc72c58b57165162
0xb0ab6fc306927e57c18e2f70d930d459755e2445,The_Idols_NFT_6,2025/1/14,0xE546480138D50Bb841B204691C39cC514858d101,0x1a595d10be428e49dd3558859743fe4bc4570545a55d357f405bd630061c6be0
0xb500a1cc2589daca468be682e441a43873c6b51b,The_Idols_NFT_7,2025/1/14,0xE546480138D50Bb841B204691C39cC514858d101,0x45d93aa6b24ac2c6606d81ecae3d8ec5609772cfab3839661d3ae7319e3763b4
0x738e295f5db1a1e4b06834bc281a5b8cdc5ae1c0,The_Idols_NFT_8,2025/1/14,0xE546480138D50Bb841B204691C39cC514858d101,0xa8289dbe3e49e9c5decaabd3777d9ad60a7b06863539b4948dd17e58a65f3e15
0xf0e2d6a02e80ccef28ed432b90182eae78e7683a,The_Idols_NFT_9,2025/1/14,0xE546480138D50Bb841B204691C39cC514858d101,0xa194eb8e4cfb8e25a01f15d8ef98c49998b89d336f99a3de5108bd57c580fd02
0x29fa8adcdcb5391e92c08575ec5a2d05b3b1fe25,The_Idols_NFT_10,2025/1/14,0xE546480138D50Bb841B204691C39cC514858d101,0xa64b650d1f3fbdbc6cabe439caf3bd9d375f45b02f5cba77f24285b300017692
0x103c0312c829096b793c9f15fd3f9f2b07608c53,The_Idols_NFT_11,2025/1/14,0xE546480138D50Bb841B204691C39cC514858d101,0x1aaa35712784713d9ef40bf4848132cc031ce04611d7837649a7f0bf3e03bbf5
0x6fc318919ced381fb6f980e247bcb2896cc14944,The_Idols_NFT_12,2025/1/14,0xE546480138D50Bb841B204691C39cC514858d101,0x61092c396208c4c74430967e6061e9031ef80adcbb4cf64e58598a9e6b608302
0xe8eddd41d5a5793a8f3301a7ec6cf80cd17282cd,The_Idols_NFT_13,2025/1/14,0xE546480138D50Bb841B204691C39cC514858d101,0xbffcf01e5aef5d5fc82f9ab7bf78110e3479dffc8f4dc503f663c6b47b9992a4
0xd7447eb70e60cf6a88445e26684ebe03ee9936bb,The_Idols_NFT_14,2025/1/14,0xE546480138D50Bb841B204691C39cC514858d101,0x9ac08d865feefeb644d34533fe59fbf144e55fa2def302ede1e966a6b8ab025a
0x3f814e5fae74cd73a70a0ea38d85971dfa6fda21,UniLend,2025/1/12,0x55F5f8058816D5376DF310770Ca3A2e294089C33,0xdff3f578284507a25d162df3f8a7fdfbd0d2078de80efaafd9b930750d2174e0
0xFa39257C629F9A5DA2c0559deBe2011eEF7C1E9f,Sorra,2025/1/4,0xdc8076c21365a93aaC0850B67e4cA5fDeC5FAb9b,0xb08f17f275edbff31e1ded752e5f6142ce76d36127e48c648249ad765555d42f
0x2cad84c3d2e31bc6d630229901f421e6da5557ef,LAURA_1,2025/1/1,0x25869347f7993c50410a9B9b9c48F37D79E12a36,0xef34f4fdf03e403e3c94e96539354fb4fe0b79a5ec927eacc63bc04108dbf420
0x55877Cf2F24286DBA2aCB64311beca39728Fbd10,LAURA_2,2025/1/1,0x25869347f7993c50410a9B9b9c48F37D79E12a36,0xef34f4fdf03e403e3c94e96539354fb4fe0b79a5ec927eacc63bc04108dbf420
0xef7bd1543bdacadd7e42822e3f15dd0af0410fda,Feed Every Gorilla,2024/12/29,0xCB96ddE53F43035f7395D8DbdB652987F7630b3c,0x24796dca7b49a24016f421663f31a0d72fbbce42b8800a42635ac5bbed7cb129
0x8e18fb32061600a82225cabd7fecf5b1be477c43,GemPad,2024/12/17,0xFDd9b0A7e7e16b5Fd48a3D1e242aF362bC81bCaa,0xbfde287cd08512e0edae0df612d72323173a18debd8f06ea9c808f6a08311de5
0x81ad996ac000d5dfdc65880a9e4ee487629375c4,VestraDAO,2024/12/4,0x954386cB43Dd2F0f637710a10F6b2d0F86AACb97,0x94000c188db2a100d13347b1c0c81209ba774a66fffe354f17ac9a3ec0a4f532
0x351d38733de3f1e73468d24401c59f63677000c9,vETH,2024/11/14,0x713d2b652e5f2a86233C57Af5341Db42a5559Dd1,0xfd3d56c732e710855907ac72211e4f5a5f697b7b1c14160c41a13a84cb3bb3df
0x9776C0ABE8aE3C9Ca958875128F1ae1D5afafCb8,FireToken,2024/10/1,0x81F48A87Ec44208c691f870b9d400D9c13111e2E,0x5b415454528128f12a699582a45254bd8554085247e1e8fcaa2893c77e83140d
0xe08044aea78189d92b4744a1cd47d37b7d8f8696,OnyxDao_1,2024/9/26,0x1F382FEF6B7A37258E64218e0014585ccEF599b6,0x486035b26c0ad30a4ee29b6e6e763c2afe1aa9be503d44f928437f98f8f8a185
0x359b86de87794eb24423891cd4ecc418ba6add23,OnyxDao_2,2024/9/26,0x67230329E35353c93B28c77b5AA4B455356D983D,0xcab152ad406ab63549964f39b6c636aad6ec979cbf5b65376920ba5a22bc1f38
0x000000000000702E1119F6e097E40270CD6E218F,OnyxDao_3,2024/9/26,0x0000000000004F3D8AAf9175fD824CB00aD4bf80,0xd243ae6a2773a2f7c38ac3fa6d0c460ebfbf22220d1829da3913ab120595040f
0xea52450604b06a9bf2636c0c84e0d76def710b32,OnyxDao_4,2024/9/26,0xfD47f6879ccBAe84009F367E3e0c54dc2D435500,0xc3986b9b4c82fcc7e3e46beea27bea5b13fee3f5e262a523a41e2ee77b551673
0xa57eda20be51ae07df3c8b92494c974a92cf8956,OnyxDao_5,2024/9/26,0x680910cf5Fc9969A25Fd57e7896A14fF1E55F36B,0xd23691cdccd7a88d9864a224e19404f6609627b77f7eb57c9fdd7ec402b2813e
0x0c8da4f8b823bee4d5dab73367d45b5135b50fab,RockX_UniBTC,2024/9/26,0x2bFB373017349820dda2Da8230E6b66739BE9F96,0x725f0d65340c859e0f64e72ca8260220c526c3e0ccde530004160809f6177940
0x5f02fddbf399b9ce4a0bb9f0a7e86d6508084d70,Shezmu_1,2024/9/20,0x089A2011B577B70Ba4bB533dCd413e6dC5B5c869,0x48e69dd7ff3e0c728e818bf26d031f4989d3c3018ec464a18757825634cf7e3c
0xed4b3d468ded53a322a8b8280b6f35aae8bc499c,Shezmu_2,2024/9/20,0xA3a64255484aD65158AF0F9d96B5577F79901a1D,0x39328ea4377a8887d3f6ce91b2f4c6b19a851e2fc5163e2f83bbc2fc136d0c71
0x991493900674b10bdf54bdfe95b4e043257798cf,Shezmu_3,2024/9/20,0x493c5655D40B051a64bc88A6af21D73d3A9B72A2,0x6129de8eb6c637d47ca6ca9b063f246942c3d2c8c703e3ce53f1f1314dad1ed0
0xd11eE5A6a9EbD9327360D7A82e40d2F8C314e985 ,OTSeaStaking,2024/9/13,0x000000003704BC4ffb86000046721f44Ef3DBABe,0x9832a4f3d663db4f082b701d73caf8c12d8dd9db684b7a88e19d7019ec393088
0xd69b7bb64aba105bf07e2ed005a5f7dcccf31f7a,Inferno,2024/9/11,0xaaF1701803293C584A28AA85B1B027FB283864Be,0x7273900f0368046b82e037f237eab043ebd4a17efedba377e2e72c79a11845d5
0xcde2cd6aeaaf0238f4ce33295be13704e4a97de2,Penpie_1,2024/9/3,0x7A2f4D625Fb21F5e51562cE8Dc2E722e12A61d1B,0x4518181610a7e37841333eed71bda5f9398129d6f4087f881aa6248b4c548c57
0x4476b6ca46b28182944ed750e74e2bb1752f87ae,Penpie_2,2024/9/3,0x7A2f4D625Fb21F5e51562cE8Dc2E722e12A61d1B,0x24c29a858375c3f7012719ce899be0d8857f62200b592a1d201e316e9e917873
0x4af4c234b8cb6e060797e87afb724cfb1d320bb7,Penpie_3,2024/9/3,0x7A2f4D625Fb21F5e51562cE8Dc2E722e12A61d1B,0x2287aa2d87b256b3d6dc79b84463911fd1c6b38b29957235d293b562e62872c4
0x5e2fff7bbc7c634992170ff18240b8f10c4d48c6,AAVE_Repay_Adapter,2024/8/28,0x6ea83f23795F55434C38bA67FCc428aec0C296DC,0xc27c3ec61c61309c9af35af062a834e0d6914f9352113617400577c0f2b0e9de
0x90744C976F69c7d112E8Fe85c750ACe2a2c16f15,Zenterest,2024/8/16,0x5D5acc816a41fB59B043Bc1028425C9645C0C336,0xce003fcd0985f8ecdd9d28ea7f86a0798d2a582f37ff692587bb6cbcd8168aa8
0xb7f221e373e3f44409f91c233477ec2859261758,VOW,2024/8/13,0x48de6bF9e301946b0a32b053804c61DC5f00c0c3,0x6acda6ac1d7fb2a6c0c79707b0353855955ee550be8112c49490ccf6d77cc814
0x802Cfff8d7Cb27879e00496843BB69361FF09ab3,NoName,2024/8/13,0xeDee6379fE90bD9B85d8d0B767d4a6deB0DC9dcF,0x771431bed03cc59866d8e17be1f5cdac46a321850a57f8a43b375421bdebdcf7
0xfaddf57d079b01e53d1fe3476cc83e9bcc705854,OMPx Contract,2024/8/6,0x40D115198d71cAb59668b51Dd112A07D273D5831,0xfd1b40b640d0bb798499387a15a6adc1c97bed918edcdf7a58e38068aac14af2
0x6980a47bee930a4584b09ee79ebe46484fbdbdd0,Ronin_Bridge_1,2024/8/6,0xFDe0d1575Ed8E06FBf36256bcdfA1F359281455A,0xd38d714d39b56c64ca329530bed847817a163e98e1d2cf63597b6218d2098031
0x02f3d3912f8bd97c4791970aa4cf96dedd05772c,Ronin_Bridge_2,2024/8/6,0x00001b0bcca9BC88774000692DEf9Dd6452afb9F,0x230c6d74f37aee924843747875c7a4020247ce3fb31dcfdd403e95971229da44
0x4ab12e7ce31857ee022f273e8580f73335a73c0b,Ronin_Bridge_3,2024/8/6,0x1a56aBF4fe95e21C1704cBd5FFc79EA1eFfa3cc1,0x21318476755cc4edf552966002837b0b1460060e2940e38745809c230f7fa502
0xee45384d4861b6fb422dfa03fbdcc6e29d7beb69,Convergence,2024/8/1,0x03560A9D7A2c391FB1A087C33650037ae30dE3aA,0x636be30e58acce0629b2bf975b5c3133840cd7d41ffc3b903720c528f01c65d9
0xba8ce86147ded54c0879c9a954f9754a472704aa,Spectra,2024/7/18,0x53635bF7B92B9512F6De0eB7450b26d5d1AD9a4C,0xda57ce2dc51ca7a04c797b06cb39842017da23242bc4836009fb7db293c4a253
0x56d3e389e4c18a9c18b8936e66a2136b37253653,LI.FI_1,2024/7/16,0x8B3Cb6Bf982798fba233Bca56749e22EEc42DcF3,0xcf1fc0677a8aaaf04d181986de643c362c65b455da583a2ec3ac44a760693dfe
0x986aca5f2ca6b120f4361c519d7a49c5ac50c240,LI.FI_2,2024/7/16,0x8B3Cb6Bf982798fba233Bca56749e22EEc42DcF3,0x0c0a6db24a31615ef986ab64600d560ba528867e46ba2dde486117b36c60fa78
0x3c81476d4294070eb80f2f45fa5bdd237d4f3176,LI.FI_3,2024/7/16,0x8B3Cb6Bf982798fba233Bca56749e22EEc42DcF3,0xfb7890cbbab669e40ba0d06af2f162d96cdf210b52f55f5b30ba698b911d295d
0xb955699385900ad421a9e725f289036b97344924,LI.FI_4,2024/7/16,0x8B3Cb6Bf982798fba233Bca56749e22EEc42DcF3,0x9004e33d6675403d60aa9a523473b024a71f404393dde6b8320dbe7e74b191c9
0x32d8c3b3f1496f56a74fd001b58a67036d4dfea4,LI.FI_5,2024/7/16,0x8B3Cb6Bf982798fba233Bca56749e22EEc42DcF3,0x191e3d08dd09935f4581b602f7895c9459e64792c029c2e08a560b483d80a0c6
0xe08d97e151473a848c3d9ca3f323cb720472d015,LI.FI_6,2024/7/16,0xC0ffeEBABE5D496B2DDE509f9fa189C25cF29671,0x6f740b052e5ea6e16abefd59da99a670e044439b5244ca507d91fbd8a0d14779
0x0debad22a7a2b1a7e2123c167a1775db6371cb91,LI.FI_7,2024/7/16,0x8B3Cb6Bf982798fba233Bca56749e22EEc42DcF3,0xd15887df5c1fd70afbd8424d1ec48a53bc10debf24ee2a86859e296f7a855b58
0xa40389a69c2948dd57ba1f5f3fc47814b7d19c5f,LI.FI_8,2024/7/16,0x8B3Cb6Bf982798fba233Bca56749e22EEc42DcF3,0xd1e140833640d009decbdc6ec3e6bb4e6f1fea57876b78cd6146814b103b2210
0xc74fc202a6d0cf7a0ac38e99607b8629cdf2cb10,LI.FI_9,2024/7/16,0x7742Ed59E9ecF1712BC4c6bDd0c526e903a7f2C8,0x4434f1bc86b5daecf549b22ca9b160776329dbc616070ba2e398fecaaf946ae3
0xebb4349e483b9bab22c9b333b37a8d60b027591a,LI.FI_10,2024/7/16,0x8B3Cb6Bf982798fba233Bca56749e22EEc42DcF3,0x2f6184306056aac469584093bfa7f9f06ab5f9c6c8c2b3d9cc4ac148b85c5815
0x85dbd0ebae4d26b96d72acb88b6d7e476f555d32,LI.FI_11,2024/7/16,0x8B3Cb6Bf982798fba233Bca56749e22EEc42DcF3,0x67bde73600ffb9e6e7278f3251e6c388f5f7b2f685da15208d0033201ac4cef6
0x51e92d070dfc6ef68263b6afed2f87e7d9949362,LI.FI_12,2024/7/16,0x8B3Cb6Bf982798fba233Bca56749e22EEc42DcF3,0x1c09fd1464c2b4bc6f34716862805f40b8504871df055072f1bc5adecf774a1e
0xc91e23d6d0e8edb162c96f36a34a5f7c575864ad,LI.FI_13,2024/7/16,0x8B3Cb6Bf982798fba233Bca56749e22EEc42DcF3,0x4bf905d8cf79acae943bc811071a1c63fa054e269230cf120a00a69076e56348
0x69581464cace678d5837fbec937b33c5f78eac02,LI.FI_14,2024/7/16,0x8B3Cb6Bf982798fba233Bca56749e22EEc42DcF3,0x2ae52dd3a9eb024eb85e0b21fa5a84b945c2b2109e306095ba8338ba11538241
0x6013562185e7fccf89434828fe90330bde3263e7,LI.FI_15,2024/7/16,0x8B3Cb6Bf982798fba233Bca56749e22EEc42DcF3,0xc6d98618fd8dd1c4e6cd1443c75f7ecdd933d74b9c78546a36d673116c393652
0x2f9afc8dbab078144bfc04ba4a23c2959ccf2561,LI.FI_16,2024/7/16,0x8B3Cb6Bf982798fba233Bca56749e22EEc42DcF3,0x93684b238fd392d7f046eb10295f7a3505744d689a2246c97211fe0a9e787df9
0x16c0017426711500af3f13d792e584c0d8899857,LI.FI_17,2024/7/16,0x5FF8645BbC6c8B4390aA228A3e8bf08240F333b4,0x8941bc3772efc5d7ad12fda16543c4bfc4b4bd6a50911f007647c4d17ec6dd09
0x1d296c3a261cd01b9c11ed8e3b3108f1f93462db,Dough_Finance_1,2024/7/12,0xcDd9E99dA30f790b9A73fAB23581000aC7753F76,0xdb04dfe9f0cbb87b28b8238373641e11ad100f7b1fab4a55011b33bd8b5fdd6a
0x11a8dc866c5d03ff06bb74565b6575537b215978,Dough_Finance_2,2024/7/12,0x67104175fc5fabbdb5A1876c3914e04B94c71741,0x903ab71fcf63fe3beb649317dfccd89845f6894d2c6f39c714564b88b2165dd6
0xed17631e13cea34c2d5d5912c0e84ac39a8bca75,UwU_Lend_4,2024/6/13,0x841dDf093f5188989fA1524e7B893de64B421f47,0x9235e0662e230bdfa94f56f4932fd09a95fea17e4b9b44a4f40a59449e216110
0x13f3fee69160162a78284c64c1100a3df476d890,UwU_Lend_1,2024/6/10,0x841dDf093f5188989fA1524e7B893de64B421f47,0xca1bbf3b320662c89232006f1ec6624b56242850f07e0f1dadbe4f69ba0d6ac3
0x4e48c46779b3b16d63375751467d7eee34d41c3d,UwU_Lend_2,2024/6/10,0x841dDf093f5188989fA1524e7B893de64B421f47,0xb3f067618ce54bc26a960b660cfc28f9ea0315e2e9a1a855ede1508eb4017376
0x21c58d8f816578b1193aef4683e8c64405a4312e,UwU_Lend_3,2024/6/10,0x841dDf093f5188989fA1524e7B893de64B421f47,0x242a0fb4fde9de0dc2fd42e8db743cbc197ffa2bf6a036ba0bba303df296408b
0x86c68d9e13d8d6a70b6423ceb2aedb19b59f2aa5,GalaxyFoxToken,2024/5/10,0xFcE19F8f823759b5867ef9a5055A376f20c5E454,0xa9665b4194ce8523035eaac41b4acf47a57da027ded3d42e21ad3dbf416c9493
0x156c5c2fe8c831249761a41e58d36beb7882067d,PikeFinance,2024/4/26,0xe2eDb263D873cF3f2cFAEcFcB76892ceEc6b8b84,0xa6095e03bc85079a7ae2be4f7fafd851483debe0aeb6531b03284f66eb9687fd
0x899266243fd2b9a0426b58bd6d534c6b813ef27a,SaitaChain,2024/4/24,0x0cFC28d16d07219249c6D6d6AE24E7132EE4CaA7,0x33f19229b5382854e63b4d2d2d82164fcdc5b13a01505ea0d5d2df7e7574ab25
0x887427516D9bdE790d094830832b46DE33f5EBcb,Hedgey_Finance_2,2024/4/19,0xBb58C156DCBfc3B3D8C6560EA9741ee16Bd467FA,0xa907b005876cbfe2368e622fc8d8eb9f494b1a3b4d85c93d2eb75e4b717f1258
0xc1c635d84745c03ea0e9238d46b30e0a95b09762,Hedgey_Finance_3,2024/4/19,0x462412a77D55Ff196E12F7DA1Cdfb8Eb0C5c4112,0x376f111c8e67ebce9362843e2276da29305a0e1559767dcd7aa45f25f4b6a5ff
0xD818FF3d5CfC938014B270D0C8029bA04629B549,Hedgey_Finance_5,2024/4/19,0xDed2b1a426E1b7d415A40Bcad44e98F47181dda2,0x5327d5a298f50e26d6c57477e830de6a68c6539d6f0b886760d3d0f160ed5349
0xc793113f1548b97e37c409f39244ee44241bf2b3,Hedgey_Finance_6,2024/4/19,0xDed2b1a426E1b7d415A40Bcad44e98F47181dda2,0xf6dfdd6b152d9bf03ff296ddc980757c198e8bff0c85f949bba1f533ca493828
0xa91e156787b248479e58739b711440b6c3822eb2,unizen_1,2024/4/9,0xB660CaE1A59336676ea1887B15Eb3C0BaDB90D78,0xc12a4155c2c90707138e4aef8883c8f724371145823e2f661f19b93e5b3a9d6e
0x90a7482dd7fa28865f440ec0c3b783775ac01266,unizen_2,2024/4/9,0xc596523b77ceb9567279B572c653ECF4BA763CB7,0x557bdb3dbd678cebe527ad9bd3a6e8b3c9e5d7239b18a0a564feac091d0c2e04
0x569006349d364a48c917855a6d4752f1901a49cf,unizen_3,2024/4/9,0x4E2Ce48f0B5D97Bfd4bE3F6C7B6479db1aa5b365,0x68c900fb23f766ee989b73c9845cc1d98ceadbd36f586e2db47d5acfe60857e2
0x4c385b3b33469b73713ca252dd1862bd1a8b1bd0,unizen_4,2024/4/9,0x4E2Ce48f0B5D97Bfd4bE3F6C7B6479db1aa5b365,0xfcba2c38617edab9abf146bf4381edd2674873cc7bae9c6ba505a45e03a7228b
0xc164456883862a68ec6fa29bbbb1227e0965ca33,unizen_5,2024/4/9,0x4E2Ce48f0B5D97Bfd4bE3F6C7B6479db1aa5b365,0x398a7ea42fab5228200835141bb732843b33943a8cf63bf16104568ccdfded62
0x2f744f784000de0b8f1a7da3f0021ad56c09ce1a,unizen_6,2024/4/9,0xd440B92739F86b00D1135b5eeA871751433DA2D7,0xb096c0fb28f8b3d4cd59f9df1aff268ce4968738aa116a68d350778fd4109e3c
0x4148310fe4544e82f176570c6c7b649290a90e17,PrismaFi_1,2024/3/28,0x7Fe83f45e0f53651b3ED9650d2a2C67D8855e385,0x5a93cee6aee222035465644cf505bd5087f2ee4dc8ef77eccaaf9e7cdb096807
0xd996073019c74b2fb94ead236e32032405bc027c,PrismaFi_2,2024/3/28,0x7E39E3B3ff7ADef2613d5Cc49558EAB74B9a4202,0x1319a80286b9c229a2d7566e21d7476b792956e4b59ee00d26449b6b77f2bcd0
0x1b8a9f9f5a1d9cb1c28d9120f9c2bd073ccfac04,PrismaFi_3,2024/3/28,0x7C9FC6E2B908e858F30c5c71a20273315Efd5cf8,0x4bb619cc62daec4999dcf005674aeb960cc05d8bdc726ebb66308e5290ef5660
0x1e791527aea32cddbd7ceb7f04612db536816545,Curio_Ecosystem,2024/3/23,0xdaAa6294C47b5743BDafe0613d1926eE27ae8cf5,0x99cc992de6e42a0817713489aeeb21f2d5e5fdca1f833826be09a9f35e5654e3
0x3AA228a80F50763045BDfc45012dA124Bd0a6809,Blueberry,2024/2/23,0xC0ffeEBABE5D496B2DDE509f9fa189C25cF29671,0xda5ec9970d11b5dc14cc74ff0b9d6f4753b7a2e100ae867d1ecc63d69ccfcb53
0xd129d8c12f0e7aa51157d9e6cc3f7ece2dc84ecd,DeezNutz_404,2024/2/19,0xd215FFaf0F85fB6f93F11E49Bd6175ad58af0Dfd,0x9edea2ef6b46800ced835ca8de9fdf336c2b275d74bf93041375f1dad2329324
0xe55607b2967ddbe5fa9a6a921991545b8277ef8f,Particle_Trade_1,2024/2/15,0x2c903F97Ea69B393Ea03E7FAb8D64D722b3f5559,0xc2ccef1145c570a5557d63b5b8e90e8964a8275454a0bec0a036abe692b07f75
0x13af445f81b0deca5dcb2be6a4c691f545c95912,MIM_Spell_1,2024/1/30,0x87F585809Ce79aE39A5fa0C7C96d0d159eb678C9,0xdb4616b89ad82062787a4e924d520639791302476484b9a6eca5126f79b6d877
0xe1091d17473b049cccd65c54f71677da85b77a45,MIM_Spell_2,2024/1/30,0x87F585809Ce79aE39A5fa0C7C96d0d159eb678C9,0x26a83db7e28838dd9fee6fb7314ae58dcc6aee9a20bf224c386ff5e80f7e4cf2
0x2cbef94be18f4e28f7be398257c1cb0a5f05dbed,Barley Finance_4,2024/1/29,0xc596523b77ceb9567279B572c653ECF4BA763CB7,0xfb2b809d6ab03359cb7fd02bc7f9414403eb5d11491d814bbb7442199eba9251
0x356e7481b957be0165d6751a49b4b7194aef18d5,Barley Finance_1,2024/1/28,0x7B3a6EFF1C9925e509C2b01A389238c1FCC462B6,0x02400a41ba4a8e6173c5cba8077af8c56ce55f689c8d2b634515ab2458c52826
0xeb0d248d52047c64b5dc12336e40ef8a99f78bdc,Barley Finance_3,2024/1/28,0x68Ff5202bAae2A963d9dd4d31cDfa423bC548874,0x032c9e7fa7d1697fa64fd4a59f0d08278d27aa537525e9bd17f71f01d36b8b6a
0xae5919160a646f5d80d89f7aae35a2ca74738440,BasketDAO,2024/1/17,0x63136677355840F26c0695dD6DE5C9E4f514f8e8,0xe6e99fb5e048462e95d47fa0a8a6d29476989b8364a5a112b1ea0f469851d713
0xa5f1e956d7085998ac65fb87c18dc498481f1c8e,Socket/Bungee_1,2024/1/16,0x50DF5a2217588772471B84aDBbe4194A2Ed39066,0x591d054a9db63f0976e533f447df482bed5f24d7429646570b2108a67e24ce54
0xf2d5951bb0a4d14bdcc37b66f919f9a1009c05d1,Socket/Bungee_2,2024/1/16,0x50DF5a2217588772471B84aDBbe4194A2Ed39066,0xc6c3331fa8c2d30e1ef208424c08c039a89e510df2fb6ae31e5aa40722e28fd6
0x91c49cc7fbfe8f70aceeb075952cd64817f9d82c,Wise Lending,2024/1/12,0xB90CF1d740B206B6d80854BC525E609Dc42B45Dc,0x33e3c94e8e0359b7a98b74a02454a52fad2a8fb7faee02f888807bc60f688628
0xebba0f3e16ef2f5e87c38e49541b7ae3c7b78e8c,Loot,2024/1/5,0x469A2F900Ef0504299bfD4D1812618A94b67e189,0xbc8c30b7db136e97251eaa9897853ddf125f155b7c63bbe4c06d704384a40556
0x1d5586Da44328F28bfbBF59b808A87584355B3Ef,Pine_Protocol,2023/12/21,0x05324c970713450bA0Bc12EfD840034FCB0A4BAa,0x230485cf7d9df3a8fb56efc887890c5fb7cdc7abc74e38c9ccc75567883efc88
0x7E5433F02F4bf07C4f2a2D341C450E07d7531428,Floor Protocol,2023/12/17,0x4d0D746E0F66bf825418E6b3deF1a46Ec3c0B847,0x4d8d7e6f2bdc49e724b8d2a0241cf31d0911a230fa17230c7f025cead1842e93
0xc446e0A1E22B54e18303022FF8C5c8AB364d6ebb,NFT Trader,2023/12/16,0xd717b85B5Da61a56aFEB57173c7336084243cDf0,0x3be9358105a7341e19a33b262512b9810b3380763819cdb35794ee724920c02c
0xF06Ab383528F51dA67E2b2407327731770156ED6,GoodDollar,2023/12/16,0x6738fA889fF31F82d9Fe8862ec025dbE318f3Fde,0xaf9a9ef59414a93080147aefae9083f6a0b79074ed38988f76789b8c0636622c
0xbA6fA6e8500cD8eEDa8EbB9DFbCC554fF4A3EB77,Hyper Network,2023/12/13,0x3Ea6BA6d3415E4DFD380516c799aAfa94e420519,0x3e6171fd239d192b390faf89e04e3d993388658bb5b546bf31e072beb52fcf0d
0x928B2DAe97FC5d40Cb0552815fb5ab071103e20a,Peapods Finance,2023/12/13,0x2BA9dE5eBca7db023DD1f9Abce9100E7590D0000,0x980707bd6ee064cd21d0f2a6eb4d7b620f7fe89c896b6ccb04d955a1b574c7f3
0xaf2acf3d4ab78e4c702256d214a3189a874cdc13,KyperSwap,2023/11/12,0x50275E0B7261559cE1644014d4b78D4AA63BE836,0x002ccdb4a53a760cb03984db3e8e91325c4f732458d0f21603f64ebb536e4e6e
0x526e8E98356194b64EaE4C2d443cC8AAD367336f,Onyx_Protocol_1,2023/11/1,0x085bDfF2C522e8637D4154039Db8746bb8642BfF,0xff732b8f33304caeb54ebe2f88b568fb44f966ba7a76a388abe1f62fdbc7e621
0x052Ad2f779c1b557d9637227036CcAAD623fcEAa,Onyx_Protocol_2,2023/11/1,0x5083956303A145F70Ba9f3D80C5E6CB5AC842706,0x8f05c52c11e1b2cc48e6e92c5e45bd5e0fd10d22b12ac9e9b790eff353a8cbbf
0xB2E855411f67378C08F47401eACFf37461e16188,Astrid Finance,2023/10/28,0x792eC27874E1F614e757A1ae49d00ef5B2C73959,0x8af9b5fb3e2e3df8659ffb2e0f0c1f4c90d5a80f4f6fccef143b823ce673fb60
0x03e7B13bcD9B8383f403696C1494845560607eCa,Grok ERC20,2023/10/25,0x864E656c57A5A119F332C47326A35422294DB5C9,0xc727091f212aa24561e1ab7693b752b584013c3e914b177a2675d108d487738f
0xe6c6e86e04de96c4e3a29ad480c94e7a471969ab,Maestro,2023/10/24,0xCE6397e53c13ff2903FfE8735e478d31E648a2c6,0xaf321e7b2c630b2a80c94de23958b1f49d4193b5878738d058c5a02576668374
0xc74b72bbf904bac9fac880303922fc76a69f0bb4,Hope.money_MEV,2023/10/18,0xC74b72bbF904BaC9faC880303922fc76a69f0BB4,0xb151537e9df65d39b7d9b5e2f67ce6fa816fefe41f03d9998eee2338c282af9b
0xf88D1D6D9DB9A39Dbbfc4B101CECc495bB0636F8,pSeudoEth,2023/10/8,0xea75AeC151f968b8De3789CA201a2a3a7FaeEFbA,0xc908183e232419f6ae0f2406d7cf78a1e6ee52d6e467f4b3e78b49a90e0d454a
0xC44ea7650B27f83A6B310A8Fed9E9Daf2864a65B,0x0 DEX,2023/9/11,0xcf28E9B8aa557616BC24CC9557fFA7Fa2c013D53,0x00b375f8e90fc54c1345b33c686977ebec26877e2c8cac165429927a6c9bdbec
0x38702e5c98bA4AD4b786D5a075A5c74694cD616d,HeavensGate_1,2023/9/5,0x6CE9fa08F139F5e48bc607845E57efE9AA34C9F6,0xac9cd53202912c12fc5923633656aeeb9d25e92e745b3e72c51c97589e8815c1
0x8faA53A742Fc732B04dB4090A21e955Fe5c230be,HeavensGate_2,2023/9/5,0x6CE9fa08F139F5e48bc607845E57efE9AA34C9F6,0x7514a063098e323d2f0eb6c99b7e57e7b1389ce0ab4b05f38823a89ebac810b4
0x6cE5a85CFF4c70591DA82De5eb91c3Fa38B40595,FloorDAO,2023/9/5,0x4453AeD57C23a50d887a42ad0CD14ff1b819C750,0xbc863c288a5eaa6bd0bcc411b546828a2b89deb786063b45aaf32ba280a21501
0xE897C0f9443785F8D4F0FA6e92a81066b3fbFEe2,DAppSocial,2023/9/2,0x7d9bC45a9ABDA926A7Ce63f78759dBFA9Ed72e26,0x1f6b9ccdf21dd0247d6acc4ae4eb370558ecb8b782fa51a76c5112f62b7dcda0
0x2100dCd8758aB8B89b9b545A43A1E47e8e2944f0,Balancer_1,2023/8/27,0xEd187F37E5Ad87d5b3B2624C01dE56C5862b7a9B,0xdd5dbe372cff6f45102bd9ed1ee4e045bf96af69348ca0325b816005aec500c9
0xB4f5CD43e25cD9e9a4d95045DEfD93cE28A59DD5,Balancer_2,2023/8/27,0xEd187F37E5Ad87d5b3B2624C01dE56C5862b7a9B,0x9e08b2a66da9908f0fbd9c6cded09586cc18ad854ca2cafde4d7dfc47bc715fd
0x98C2e1E85F8bF737D9c1450dd26D4A4bf880B892,EHIVE,2023/8/21,0x0195448a9c4ADEaF27002C6051C949f3C3234bb5,0x29d8f3869d2636af4c934f83430eb1a4745237894ec55af29286eccd9d155623
0xb7FbF984A50cd7c66e6dA3448D68D9f3B7F24f33,BTC20,2023/8/19,0x6CE9fa08F139F5e48bc607845E57efE9AA34C9F6,0xaedd9444fddcd5d95868d2fdd49c6289db7b68091fc9105dbb8b29f5ee121c77
0xA21a2B59d80dC42D332F778Cbb9eA127100e5d75,Zunami Protocol,2023/8/13,0x5f4C21c9Bb73c8B4a296cC256C0cDe324dB146DF,0x085b1b935061003bfaccdee76eab0644f16a1dea2d332ab685c605854abf3ea0
0xFe141C32E36Ba7601D128F0C39DEdBE0F6aBb983,EarningFram,2023/8/9,0xee4b3dd20902Fa3539706F25005fa51D3b7bDF1b,0xb4988a59a58fbf829cc15330f9888659470f36bdec1c228765ce84771039dfed
0x5c7c1528CB31Fa9de62A16051533C5DEED582231,CurveFinance_4,2023/8/5,0x77c417980798A3B6Aa21b2b1d5F218A598eB0a83,0x006763dff653ecddfd3681181a29e7e6d6c2aaa7bafb27fe1376f3f7ce367c1e
0xDA2CCfC4557BA55eAda3cBEbd0AEFfCf97Fc14CA,Uwerx,2023/8/2,0x6057A831D43c395198A10cf2d7d6D6A063B1fCe4,0x6472be941d7662cdf6a56f0ac8db0fb7816278a12f14fafa529f0216c402c3d7
0x915dFF6707bEa63daEa1B41Aa5d37353229066BA,CurveBurner,2023/8/1,0xccc526e2433DB1eebB9cBF6Acd7f03A19408278C,0x0126e68dc0494d6b25f264d80e15759e150a3d9e8554070410c6c7a40745bd5b
0x9420F8821aB4609Ad9FA514f8D2F5344C3c0A6Ab,CurveFinance_1,2023/7/30,0x6Ec21d1868743a44318c3C259a6d4953F9978538,0x301952245dabeec1d06dc08e93b55bc69da0729fc7b1a6971de9383b611e4b37
0x30FB95794a2051ABe30A67892B3A1FA73947aEE5,CurveFinance_2_Alchemix,2023/7/30,0xDCe5d6b41C32f578f875EfFfc0d422C57A75d7D8,0xf7704b5c4dabd8e6f94391b48467fedfcf02f5d5820fa4d737be464515fc1fc0
0x83E056Ba00bEae4D8aA83dEb326a90A4E100d0c1,CurveFinance_3_CRV/ETH,2023/7/30,0xb752DeF3a1fDEd45d6c4b9F4A8F18E645b41b324,0x09f97e8053ba1b557dd9811d6572328a2cddc7d8576fc048af0a64c644d67edd
0x743599BA5CfA3cE8c59691aF5ef279AaaFA2E4EB,Conic_Finance_1,2023/7/21,0x8D67db0b205E32A5Dd96145F022Fa18Aae7DC8Aa,0x16718a6df144de749035e4763946ad56d3dfaeb5d151a82f913698fa4ae28c3d
0x486cb3f61771Ed5483691dd65f4186DA9e37c68e,Conic_Finance_2,2023/7/21,0xB6369F59fc24117B16742c9dfe064894d03B3B80,0x90eef27416e85fb1c6acaded14588f1cc244d0ba7b6858f010957ced32d87e6d
0x17E0329d8Ffe9B4CB1f740110a42eCb541179D9e,Conic_Finance_3,2023/7/21,0xB6369F59fc24117B16742c9dfe064894d03B3B80,0x4e74c092c3e01a4b9f51c7d3ac214ce6d231bac1ccf17d5514625740870f81a2
0xD050E0A4838D74769228B49dFf97241b4Ef3805d,Conic_Finance_4_MEV,2023/7/21,0xFDe0d1575Ed8E06FBf36256bcdfA1F359281455A,0x4c4bd88332c0df0151302efe3c8c9cf78218b36538439e1ae8c5dc2828dc75f1
0xdFcDB5A86b167B3A418F3909D6f7A2f2873F2969,Libertify,2023/7/11,0xfd2D3ffB05aD00E61e3c8D8701cb9036b7A16D02,0x38fac8b1cac8046b6d2eb7e8df0922b16b09014aabb1b20e2a1d248191545f66
0x56A35FAe9b0416360e1752A9abE78D89F51517CF,Arcadia Finance,2023/7/10,0x5C75e94dD0Ab9c10BFd1B8073DafEF031D3c050d,0x577a9ea2d99c9e51b2784976cdd042278f25a4e6ed001a2667cb7b9119c27e4d
0x1Ae3929E1975043E5443868be91CAc12d8cc25Ec,CIVNFT,2023/7/8,0xBF9DF575670C739D9bf1424D4913e7244Ed3ff66,0x5aa0742d19ec00705bdfe40e2e717ae6d5448151a552496083d72136549b7583
0xF466F9f431aEa853040EF837626b1c59CC963ce2,Civfund,2023/7/8,0xc0ccff0B981b419e6E47560C3659C5f0b00E4985,0x208f27f35fe302366252741c8cebe0d8861859ae9d7b17f8b2c62156bf5c8e4f
0x26Fe84754a1967d67b7bEFAa01b10d7B35BBaF0A,MIMSpell,2023/6/20,0x9d4fD681AacBc49D79c6405C9aA70d1afd5aCCF3,0x977a48755a782c0916a399d1f32dd2900bf3938e1333bcb917427b314730551d
0xB618D91Fe014BfCB9C8d440468b6C78e9adA9DA1,Pawnfi,2023/6/17,0x8f7370D5d461559f24b83ba675b4C7e2Fdb514cC,0x8aff78099114b0791f028b2869a79d2f54be8b9c80d067fd1a391211083d0430
0x0B09c86260C12294e3b967f0D523B4b2bcdFbeab,Sturdy Finance,2023/6/12,0x1E8419E724d51E87f78E222D935fbbdeb631a08B,0x64af76be60980e7c2fd8f356c83c95ad652ab32e267299760f3e37e8e95f893e
0x2D7973177d594237a9B347cd41082Af4CbB40f2b,CompounderFinance,2023/6/7,0x0E816b0D0A66252c72Af822d3E0773A2676f3278,0xbd51c6d9943789227c709aecaf79676919594f86fa2993f46c0db956ce5c8351
0xf73B8EA8838CbA9148fB182e267a000f7CFbA8dd,VINU,2023/6/6,0x9748c8540a5F752Ba747f1203aC13daE789033De,0xea46339efaeb87fe2fe33067eb61b706796f933bfdb5243fd6817be4ab7b967a
0x7c28E0977F72c5D08D5e1Ac7D52a34db378282B3,ERC20_Token_Bank_MEV,2023/5/31,0xC0ffeEBABE5D496B2DDE509f9fa189C25cF29671,0x975e1dffc45ef4a01f910e8025bddbf6eb88b6a6fc38a3a8a1e389fd4e002ea0
0x3F99D5Cd830203a3027EB0ed6548db7f81C3408f,Bao,2023/4/25,0x9aF92aFB406B56fB399f0748f6a7Fa78B19DdA54,0xc0599287d3a5d325835a9d5e47c267c38b5562f5549aa1db52e704b5fa7bc84a
0x2df07C054138Bf29348F35a12a22550230BD1405,Swapos V2,2023/4/16,0x53Fc4a4a638378B9B81393fBE0FA9a6DE2323eBD,0x28e2203b9b813bd002230eb82e0353806541187b0409c5f673515eb3ee59f048
0x8102Ae88C617deb2A5471CAc90418Da4Ccd0579e,yearnFinance_1,2023/4/13,0x5baC20BEef31d0ECCb369A33514831eD8e9cdfE0,0x73f312a0c8951e77d17f300c1d10e48cd2363b73cdb727d217c33fd99f97670c
0x9Fcc1409B56Cf235D9CdbbB86b6AD5089fA0EB0F,yearnFinance_2,2023/4/13,0x5baC20BEef31d0ECCb369A33514831eD8e9cdfE0,0x25eb536f6ed6774921a89afb8cb5dc2684287c7ea997635ef7a944f07808be4a
0x63B6CE082EBC08fdE7F270BEAb3377Ac7bd135Af,yearnFinance_3,2023/4/13,0x5baC20BEef31d0ECCb369A33514831eD8e9cdfE0,0xe8ff5cb1d578d5b29ac409cfc0b88d90ec551673dbe739bb2c9ed8682b658e84
0x9deff3637e583c7d2bffc7164dc2ca630d0ab7cb,SushiSwap_1,2023/4/9,0x869238b19ea39a1943ef8eBbC10f25682Dc7c47a,0xd6c02be0c5fe1ceab632f146d9e2bbd987299e8be1faf8b19d10a634d2f3826f
0xaffC8c3CD3eCf8839d4731A2335f868733f9Ec90,SushiSwap_2,2023/4/9,0xCFf8bdf57F4e62C1d4F82420B8A1CAD70D5BF383,0x574ff7f1d98518427042b38a2d85c8e540cc0d3544bff7b7b2eb341898a15ed2
0x384BE939CF8317f6B570815c7f8e95C54Ed6AA85,SushiSwap_3,2023/4/9,0x7799760Cc2f7837f70D4D56B1E8c530ED0fedeB0,0x227848b6ec2d03f5fb0e541b433cb5d0da62bd4b91006d7bd90e61c7689f6484
0xD050E0A4838D74769228B49dFf97241b4Ef3805d,SushiSwap_4,2023/4/9,0xFDe0d1575Ed8E06FBf36256bcdfA1F359281455A,0x4c4bd88332c0df0151302efe3c8c9cf78218b36538439e1ae8c5dc2828dc75f1
0x000000C0524F353223D94fb76efab586a2Ff8664,SushiSwap_5,2023/4/9,0x1876A0583286954FB7E531d7Af7176B1f6eECDd1,0xa127804ed6e18a21556a9d2506d885c42bd78dbef2530405815e4a9e5cde201c
0x2B3bdb6c2479961A8DEd16f7F1DDca16CCa26a29,SushiSwap_6,2023/4/9,0xC0ffeEBABE5D496B2DDE509f9fa189C25cF29671,0x140d1cf2e2f6150f82cb331f0d49e7a1795e7dd33d0069dd6f8ab9731de78bf0
0xF9a001d5B2c7c5e45693B41FCF931B94e680cAC4,SushiSwap_7,2023/4/9,0xC0ffeEBABE5D496B2DDE509f9fa189C25cF29671,0x65f5c790525bc7a320c62bbe7f06111e5e43162dff309ffa7da5bc68c6a95344
0xe73F1576Af5573714404a2E3181F7336d3d978F9,Low_Carb_Crusader_1,2023/4/2,0x4d7b83FA39aa469Aa290F0d6f40ef1f6111ae6a5,0x3640f6dd5e12bd8ec73aa35fdb5e55e25fb78d3bfa3547ee5f5229607942f5e1
0x74934ae08c26b152100c8c9bd73c3765feb85b9c,Low_Carb_Crusader_2,2023/4/2,0xE3F75403C0A0AB4c0547E198E1dA2005F2e02506,0xdfa8eb5dcb762348989eb5fc643b0142016de227ff3eadd58bebd8215253e9ac
0xD4922da958B637A3F0eA047bfE49344a91004FE5,Low_Carb_Crusader_3,2023/4/2,0xD1c9b4A46818cA608b5B2E224FEEB20d7c324D9D,0xf41111875d12f032e2cdf78bc757dba8a64665262c0e5bff49b47bf7aee19cd5
0x416F6Af925Ad3eba0eC4d569364DCf6A34f0796f,Low_Carb_Crusader_4,2023/4/2,0x8B04487278F9A6FBFE53c9F0351942C83ED8178E,0xd8aa49db17aae9ac50867fb9c4db51b9782b105d8ee1140ffee2ef21b009dc31
0x97e71Ee15360ad22554D833D9B3E0a7293f5392a,Low_Carb_Crusader_5,2023/4/2,0x6d72118Dd13eB82023bdC3E305A4793F653c1dA3,0xfac1fad1e1efacd46e24f3d199a913bb6364d5237dd7efa80c3268b3ab0eb9c4
0x314e9bcCbB36AFBE553C3e95B09448b75CA37908,Low_Carb_Crusader_6,2023/4/2,0xB135E19E6594DF3264dbe0776973eCda5bc45AD5,0x8173ffe714c984d1e6fe754f0bbd9c4c47936ba1de1c6f1c5e4d5c88c96d3174
0xb94FE8417c68db50C076E86605618eAEdD45F60e,Low_Carb_Crusader_7,2023/4/2,0x7f090aa7CA7B957f2b194F01e0e6Cef9AcD7F199,0x3805ec55c44c62630449f178851dbe6ff4e22d18aad7db55c1cbc57dc6b30be7
0x1be67E4C681B2995E134BeF335AFc16e6437205c,Low_Carb_Crusader_8,2023/4/2,0xA0606f351c68f71A516e91A5E35d38d0eb8F0570,0x8f532b0536411e7dfc5788dce56746d2803211580b6008211b77db8441faf307
0xc0064DEA80567e7ABd0294e55DB32426535001Cc,ParaSpace_rescued by BlockSec,2023/3/17,0x0000003502aa61A5f1B1fDaDFF2cf947DfDa526e,0x113f54c3c6ab79143ab240b7b9d9126487b94d856afbe0b9df67349345193d9a
0x036cec1a199234fC02f72d29e596a09440825f1C,Euler_Finance_1,2023/3/13,0xB2698C2D99aD2c302a95A8DB26B08D17a77cedd4,0x50dc9c9126519a70319cc312418488145bed4e2ef6e110eb864a97f5beaeca05
0xeBC29199C817Dc47BA12E3F86102564D640CBf99,Euler_Finance_2,2023/3/13,0x5F259D0b76665c337c6104145894F4D1D2758B8c,0x725db76cf4bf3bdc72be4f755ed72df4adbc8e4e803c044617cc11e34907ccdc
0xD346f652A56D149d585b5447851928f42f61Fb27,RevertFinance,2023/2/18,0x38F887a0FE01b9e4960D5C727519408fA7f32F70,0xe3141167472a7c05d625f1b15c2c63f833bc5ac2022af2a3407d74f172db917f
0x194fC30F9eeBa9AD673413629B47Fc00e71D90dF,Dexible,2023/2/17,0x684083F312Ac50f538Cc4B634d85a2feafaAB77a,0xeb3a560927b118149f68acb9b11eeb93fcc91d7f98a315117974eecdcd42e206
0x5061F7e6dfc1a867D945d0ec39Ea2A33f772380A,Orion Protocol,2023/2/2,0x837962b686Fd5A407fb4e5f92E8Be86A230484Bd,0x89a7af2a13ac2ba599aec737d6debf9e3251f224337f4cdd3cd2ab42979fb3f9
0x762d2A9f065304D42289f3f13Cc8EA23226d3b8C,UPSToken,2023/1/18,0xceEd34f03A3e607CC04C2d0441C7386b190D7CF4,0xe4c05281eb28e3568662df63da65c3746d16af7e898d10223990fd3c294111c1
0x469561357211A6ce4707DC48174d6C617CcB0402,Abracadabra Money whitehat,2023/1/16,0xb4EfdA6DAf5ef75D08869A0f9C0213278fb43b6C,0xb9b9714ea992ff22a357dc486b140de16f734fe8cc66ae3e491a6c081e5c9383
0x3a5b7DB0BE9F74324370FBD65b75850A5c82D176,ROE_Finance,2023/1/11,0x67a909f2953fb1138beA4B60894B51291D2d0795,0x470a86e00f9cf0344f503b05cbcc90e04bb922f667cfb99fd31ff99825f626ba
0xA33c965Ca6D3bdc42BDb23a79081757090eb7700,QTNToken,2023/1/8,0x88a2386E7ec97aD1E7a72176A66B6d0711aE3527,0xaf493d7189e7b47166b324f38bf927ae56bbe52e4cf147bfc070d30d45b8a3de
0xed42Cb11b9D03c807ED1ba9c2eD1d3BA5Bf37340,JAY,2022/12/29,0x0348D20b74Ddc0ac9bfC3626e06d30bb6Fac213b,0xce5e23f35193c8a2f02243a530c39dbdd60bcf6ea35b291590e3814e0c293cc9
0x253dD81d642220267ccAc1d8202c0B96a92b299e,Rubic,2022/12/25,0x001B91c794dFEecf00124D3F9525DD32870B6ee9,0xb96476546ec879aef56ab80de9fc29b0f851c5371894511842f2394ef4946e89
0xE911519dc7f35996C6ad5C8A53e82B101af790d6,ElasticSwap,2022/12/17,0xBeAdeDBABED6A353c9cAa4894Aa7E5F883e32967,0xbc3a266980059dbf5cfb1439bf1203bb9aca2de3cc35e08d2e80e4e0c0d38647
0xa68ccE4D90302B728aD60A0fD7baC7737cD3545F,Number Protocol,2022/11/23,0xb792FAF099991f96c5dfEf037Ae9f248186D9b30,0xa4769f858b50a73e26e18f7ea3153fea9e9ccbe15e569c9f4575dcd9483c2760
0x6cFa86a352339E766FF1cA119c8C40824f41F22D,DFXFinance,2022/11/10,0x14c19962E4A899F29B3dD9FF52eBFb5e4cb9A067,0x4a3dd10795e8dd0955b87f9a5b740dae3d160cd27bd448f889aa3465412b0f54
0x60032a41726241499B0c626c836C9099cb895c05,BrahTOPG,2022/11/9,0x6FA00a7324DC293eA8ECf56fe3143104494C4213,0xacf7f9bdb9fb13ed36b2b265e796e39adc5b47510af259a73c949c38a617b5d9
0x8c761066Bc6c20e9c65eCe9972A9EB6Ed511Fd4d,Kashi,2022/11/8,0xb7Ea0f0f8C6dF7a61Bf024DB21bbE85ac5688005,0x9d98877a933c08edb7bb8d8167d2b931631bb30a9c6a5cf28d1cb5deea541fe6
0xDcc16eDC6535e5A9619E4C0e43fe05f13df33b51,SushiSwap Kashi,2022/11/8,0xFa12323EB952568Ca05085b9DA9F66a4458DEE27,0x69b69c093b813d99767afceb448ef80da9ea2a42a24fa408a096500340c26ced
0xCFF07C4e6aa9E2fEc04DAaF5f41d1b10f3adAdF4,TEAM FINANCE,2022/10/27,0x161cebB807Ac181d5303A4cCec2FC580CC5899Fd,0xa3cbbdd2494f6d5452de8edc5c8c32f316abc40140a63769a22e04cd2549963b
0x9C5A2A6431523fBBC648fb83137A20A2C1789C56,N00d Token,2022/10/25,0x8Ca72F46056D85DB271Dd305F6944f32A9870FF0,0x1050f53105137a540b207a6f51df396754e23358b0cfc967d426bb0a1bbbb6e2
0xa29e4fe451ccfa5e7def35188919ad7077a4de8f,OlympusDao,2022/10/21,0x443cf223e209e5a2c08114a2501d8f0f9ec7d9be,0x05f548db9215621c49d845482f1b804d82697711ef691dd77d2a796f3881bd02
0xFD4DcCD754EAaA8C9196998c5Bb06A56dF6a1D95,Uerii Token,2022/10/17,0xcc1A341D0F2a06Eaba436935399793F05C2bbE92,0xb71437e21a039eede08e5ad11bb9ba8b475dff4b5c2cbd46289e5ede9639adf4
0x4b77c789fa35B54dAcB5F6Bb2dAAa01554299d6C,MEVBOTa47b,2022/10/13,0x1dc90b5b7FE74715C2056e5158641c0af7d28865,0x67700f03527ea835994038081b7c097e4cc2fefa6567f8984928dbb3c19af45f
0x9682f31b3f572988f93c2b8382586ca26a866475,Rabby Swap Approval,2022/10/11,0xb687550842a24d7fbc6aad238fd7e0687ed59d55,0xbab47d1b4f99d5e61daa922414301d820a5b9c483a6f782deb7831394f23e69f
0xe167cdaac8718b90c03cf2cb75dc976e24ee86d3,XaveFinance,2022/10/8,0x0f44f3489d17e42ab13a6beb76e57813081fc1e2,0x71e2e18665d16bb2064bff4ae4c6e5a8bf366721e511242d403ad9aca5b138fa
0x17ff6c94ba3a49c72ef2f10782de8a6152f204ea,TRANSIT SWAP,2022/10/1,0x5f0b31AA37Bce387a8b21554a8360C6B8698FbEF,0x36b71a0f6a7ea0286befb20621191e22b750aebc8702af17e5bfb5af92e1a628
0x140ccA423081ed0366765F18fC9f5Ed299699388,EFLeverVault,2022/9/28,0xdf31F4C8dC9548eb4c416Af26dC396A25FDE4D5F,0x99c760442aecf00d46ecad7739f7935c41d76b2f850253f19eaa7c4e7a6d0045
0x6554FF0f2B6613Bb2baa9A45788AD8574a805f6d,MEV,2022/9/27,0xB9F78307DEd12112c1f09C16009e03eF4ef16612,0x1886da396650f668999fd21b0ad269599b64193fd7eaba56cffbbdb68e712d69
0x0248F752802B2cfB4373cc0c3bC3964429385c26,WINTERMUTE,2022/9/20,0xe74b28c2eAe8679e3cCc3a94d5d0dE83CCB84705,0xf4f51d7c1536d6b7729803ebe87aad5baad0053a505ecba88632a453f38cb6cc
0x880DF6cC30bb7934D065498Ed9163a6e3b5Aa67D,LuckyTiger NFT,2022/8/24,0x3392C91403F09Ad3b7e7243Dbd4441436C7F443c,0xde50d4f9c5bb71fd083534555c1536b638fab4e792e4cf204f5aa4e9f4fe6809
0x4FBB8840D37a21E38c8E438db27AAE7bb91aF052,XSTABLE Protocol,2022/8/9,0x334F3606886456537d0eb616497E770CBd2fbe5D,0xaf7efa897c3ee5d1f14f7cb6f5d4725bc62fb5e2a54b0e76b047c9086b0978a6
0xb95541e34cd160b91c50ecc1602d0770246f16a7,Nomad_Bridge_6,2022/8/1,0xbf293d5138a2a1ba407b43672643434c43827179,0x96a2cfadb19cac9ba2a21c1f32b6f21b6132afe1b4f4698dee563ca01ec20e01
0xa48b6e4f9e164636c13bb9e967b30af8481bc4ce,Nomad_Bridge_7,2022/8/1,0xbf293d5138a2a1ba407b43672643434c43827179,0x75c09263eda1a2d4a0ffb99d6833f49015c35833b6bcb4d112efe2e286355b34
0x9760bf0de453bc323cc50e48eb14a4c6da058953,Nomad_Bridge_8,2022/8/1,0xbf293d5138a2a1ba407b43672643434c43827179,0x045a2fb829876a39315007fc1c50b284500d077fec3541b6fd20de9dcc27284d
0xeecad3f908c7351f6201da8f558b588429abbc24,Nomad_Bridge_9,2022/8/1,0xbf293d5138a2a1ba407b43672643434c43827179,0xa10ecd2689857046f4adc7c61fc62ed691a0d16cfc03d76cc5bdca2315f7cc6e
0xc53d99116aef40f83a776880d6187032b63e40ef,Nomad_Bridge_10,2022/8/1,0xbf293d5138a2a1ba407b43672643434c43827179,0x5ae6b010ff183ae826fc59d1d6e6cfdc0dda52448615c7f59f0a52908bc6da31
0x20573b549ed06114249da368551f2228ab1dce71,Nomad_Bridge_11,2022/8/1,0xbf293d5138a2a1ba407b43672643434c43827179,0xc055e92b7dbb2875e06d93a0cfc4c7396da7074d7e0a473559006b1e6e58aa47
0x07ad0fa5304c682d4518f1d05bdc5bc38d38b4e0,Nomad_Bridge_12,2022/8/1,0xbf293d5138a2a1ba407b43672643434c43827179,0x6df15b3bf2926c6856d222d512f2d4fd5858312ea8380813e60cdd6b19d18825
0xa4a8e5b450b88b1e4f8639a07fd89b9f80767764,Nomad_Bridge_13,2022/8/1,0xbf293d5138a2a1ba407b43672643434c43827179,0xdd9525f40892aec52b7a1799a1294db435725556da555b6ec0a549e1f600f830
0xe4222778b44c535292bd7e12eb9c43c9343d0031,Nomad_Bridge_14,2022/8/1,0xbf293d5138a2a1ba407b43672643434c43827179,0x862ffd9b3b27c44eec964c6dccf912c30e864d0871276ae8564113e9959a4766
0xbf688fea77d868f6d96cb91d4092a8c44f0cc40e,Nomad_Bridge_15,2022/8/1,0xbf293d5138a2a1ba407b43672643434c43827179,0x62d862e89b6858b19deaea39fb66f7ef47b845d293131e4fc17cbce21ca6043a
0xbdbb5945f252bc3466a319cdcc3ee8056bf2e569,Audius,2022/7/23,0xa0c7BD318D69424603CBf91e9969870F21B8ab4c,0x3d6c7922d402b89a8970e943ac3d6d39f2fb6a9114fb8abc373385473eca31ac
0xa62c3ced6906b188a4d4a3c981b79f2aabf2107f,Audius,2022/7/23,0xa0c7BD318D69424603CBf91e9969870F21B8ab4c,0x4a825bbc50fb7bc1bb86ebf8403ad7f343bd7865c4a9ec9cd32ff50856c55dea
0x01f42cabd10c17baee94b36964510e2d784fa786,Nomad_Bridge_5,2022/7/21,0xb5c55f76f90cc528b2609109ca14d8d84593590e,0x307303eb74c2ff47b7edbabf348da07946f32617a21d4b1df2c8cdabd9f62c1b
0x3c10e78343c475b99d20fa544dd30b43c0cba26f,Omni,2022/7/10,0x00000000C251fAf2DE8217ab64AcCD0070B97e47,0x189b742c0fdf6489fd84d6a69268f033008bd11c157c659b451f0454f038503c
0x56073b375e563667bb9b11c76793adb197f6544a,OmniProtocol_1,2022/7/10,0x627a22ff70cb84e74c9c70e2d5b0b75af5a1dcb9,0xec06fee586aea310b31600f3c53f9e4a6eef9aa8311863f4cd4160523676683a
0x5992f10a5b284be845947a1ae1694f8560a89fa8,OmniProtocol_2,2022/7/10,0x627a22ff70cb84e74c9c70e2d5b0b75af5a1dcb9,0x193016ce1ed6c7ec6377efd89309f7415c21190619b8e1fe625a6cdcca4f5ba5
0xb88189cd5168c4676bd93e9768497155956f8445,Nomad_Bridge_4,2022/7/5,0xb5c55f76f90cc528b2609109ca14d8d84593590e,0x16a0c880979a87a894e942cec62bc736ffed4d500b0fef46fe4558f31c90a5f4
0xf70F691D30ce23786cfb3a1522CFD76D159AcA8d,Xcarnival_1,2022/6/26,0xb7CBB4d43F1e08327A90B32A8417688C9D0B800a,0xe4f99b2fb86a317eb16f7f288fda74ab07f0ffcbf645fb3b1a6490ca23206d09
0xbcf759e6889af3af5cdb02ddc5557aa525e7ed8b,Xcarnival_2,2022/6/26,0xb7CBB4d43F1e08327A90B32A8417688C9D0B800a,0x86794b589eb0e4f86e30f28c3a3d85f61c510481704894cec8903f0a1fd67236
0x3edf976df38f7d6273884b4066e3689ef547d816,Xcarnival_3,2022/6/26,0xb7CBB4d43F1e08327A90B32A8417688C9D0B800a,0xf12eafb1c48f0b0d793e9e88ba2a3ad0a90112771e580ec92b07daa6e2ddc5d0
0x7b5a2f7cd1cc4eef1a75d473e1210509c55265d8,Xcarnival_4,2022/6/26,0xb7CBB4d43F1e08327A90B32A8417688C9D0B800a,0x8d5e8937d42398e52b9b213f0346f6b432708f00865f93c3869dcb5b75575ca0
0x234e4b5fec50646d1d4868331f29368fa9286238,Xcarnival_5,2022/6/26,0xb7CBB4d43F1e08327A90B32A8417688C9D0B800a,0x02d35abc0fc2cf60c7cce3dfd14609273a50fac3dba80f290ca0d5566455c4de
0x2b13f8e5193fc9f60f7af2ccdc3141176b0b911b,Nomad_Bridge_1,2022/6/20,0xb5c55f76f90cc528b2609109ca14d8d84593590e,0x433a626851506503ab496c45a24715e5a92a1433bef9c6f02ca22712de0302d9
0x675bcfc8e89e613d282881730c83fbe0b84c279b,Nomad_Bridge_2,2022/6/20,0xb5c55f76f90cc528b2609109ca14d8d84593590e,0xc2813aaaf3ddcee9445f103fc22c09271e60c82b5c9c99732cf3e7aa9a760a87
0xe19a292cb2d42352343b2e8ccf6aeccb274a0398,Nomad_Bridge_3,2022/6/20,0xb5c55f76f90cc528b2609109ca14d8d84593590e,0xcd0819610b693c8c5f8d2e52564c520804fb1ef54f75f6a9383f70964f001474
0x273521F6582076a5FC54da9Af9bFca5435ffE9eC,SNOOD,2022/6/18,0x180ea08644b123D8A3f0ECcf2a3b45A582075538,0x9a6227ef97d7ce75732645bd604ef128bb5dfbc1bfbe0966ad1cd2870d45a20e
0xf508c58ce37ce40a40997C715075172691F92e2D,Inverse_Finance_6,2022/6/16,0x7b792E49f640676B3706d666075E903B3A4deEc6,0xfb5a4d1aef98458f673f301c2e713613662ad621e8f57065a4da58a6401c0b4d
0x847cef348c94f1041894c81d2b89f7e741b9ccd4,FEGToken_1,2022/5/16,0xf99e5f80486426e7d3e3921269ffee9c2da258e2,0x0d700a669a17feab0791e3d4098960cae48026391391362fffa54c9ff676339a
0xf02b075f514c34df0c3d5cb7ebadf50d74a6fb17,FEGToken_2,2022/5/16,0xf99e5f80486426e7d3e3921269ffee9c2da258e2,0xee38418bdf6aa9ab95e6d54f18ce88d50ca6fb9630e8a1c3d399c804e21c1598
0x9a843bb125a3c03f496cb44653741f2cef82f445,FEGToken_3,2022/5/15,0x73b359d5da488eb2e97990619976f2f004e9ff7c,0xe5291ddd93d92ca9452a963fc5df6b3982d27734e42c42e1d7a99b8c75ccd11a
0x797418A5D9dAd50Ecc0851E0Cc23C61EF4C1B9bf,SaddleFinance_1,2022/4/30,0x63341Ba917De90498F3903B199Df5699b4a55AC0,0x56cf6d3f402e521e3d8c369e4cc249a64c20b14eea47501ec82261f15e4a1475
0x7336F819775B1D31Ea472681D70cE7A903482191,SaddleFinance_2,2022/4/30,0x63341Ba917De90498F3903B199Df5699b4a55AC0,0x494b578bce7572e4fb8b1357ddf12754a28eec3439a62f6b14432dacda9cbb76
0xcC9603Cd5338e6d20EB72Ba5172cf359dC2539f6,SaddleFinance_3,2022/4/30,0x63341ba917de90498f3903b199df5699b4a55ac0,0xa2c41910680b72e5ea236304b89cf5af9630a6f440649f50653235f10bf17492
0x32075bAd9050d4767018084F0Cb87b3182D36C45,FeiProtocol_Fuse_1,2022/4/30,0x6162759eDAd730152F0dF8115c698a42E666157F,0x6d11803ef4a69fc9c4661931dc5fe2ecdf8add74766f81f945ffb7f9539bdcdd
0xE39f3C40966DF56c69AA508D8AD459E77B8a2bc1,FeiProtocol_Fuse_2,2022/4/30,0x6162759eDAd730152F0dF8115c698a42E666157F,0x531e42376038809d98fd488edddb33126431bda870bd3f43984025486a3f4f68
0x79224bC0bf70EC34F0ef56ed8251619499a59dEf,Beanstalk_1,2022/4/17,0x1c5dCdd006EA78a7E4783f9e6021C32935a10fb4,0xcd314668aaa9bbfebaf1a0bd2b6553d01dd58899c508d4729fa7311dc5d33ad7
0x728ad672409da288ca5b9aa85d1a55b803ba97d7,Beanstalk_2,2022/4/17,0x1c5dcdd006ea78a7e4783f9e6021c32935a10fb4,0xcd314668aaa9bbfebaf1a0bd2b6553d01dd58899c508d4729fa7311dc5d33ad7
0x259a2795624b8a17bc7eb312a94504ad0f615d1e,Beanstalk_3,2022/4/16,0x1c5dcdd006ea78a7e4783f9e6021c32935a10fb4,0xd09b72275962b03dd96205f8077fdc08bec87c0ebd07e431aadc760f31f34b01
0xeA0c959BBb7476DDD6cD4204bDee82b790AA1562,Inverse_Finance_1,2022/4/2,0x8B4C1083cd6Aef062298E1Fa900df9832c8351b3,0x33592ea65509470ea8c478d7989edc817afaf0b50c7d3a0285ae5eee8feb49ec
0xdc95a9425c605cbc71909a017133cf2c9b7c89bf,Inverse_Finance_2,2022/4/2,0x8b4c1083cd6aef062298e1fa900df9832c8351b3,0xe34fadd5abb49f626248045ceaa237b914bffd1bbb67409e4b3fe64c94e115b7
0xf52045f26afece501048e132e5c9544c0b6ece94,Inverse_Finance_3,2022/4/2,0x8b4c1083cd6aef062298e1fa900df9832c8351b3,0x39982143e4c82fc1686948b4ccc50135256329b105f95e22abbe224134ee6a7d
0xe958dfa1bf825d7025fe26e1c29924940e7d7cf9,Inverse_Finance_4,2022/4/2,0x8b4c1083cd6aef062298e1fa900df9832c8351b3,0x5666856a9cde61747d40f3d97d1609421203dafdc2447b3d945cf290d765e3b0
0x7ce3bf5312ea4281f380d1b1d93b4512dcc2bfe3,Inverse_Finance_5,2022/4/2,0x8b4c1083cd6aef062298e1fa900df9832c8351b3,0x8946036663ccae74387c1f2c3df72e6e8c1aa2a3168ae6ff67d709266c1a8ed4
0xb480Ac726528D1c195cD3bb32F19C92E8d928519,Revest_Finance,2022/3/27,0xef967ECE5322c0D7d26Dab41778ACb55CE5Bd58B,0xef6c9cb605bf14a9a9c3c0d6fcf75f34112f604257b8d4bfe0904f7f15d270ae
0x0c3BFF87D13063eA505Ff639c3FF8FDBAF7af140,Auctus,2022/3/26,0xce88D78016866e6db9BA04FFCc60d9e28B1c99EC,0x215e32d4c6dc5ffa0d7180801d46bfdc72863c8a54a1d510f1efddb20019faee
0x89767960B76b009416Bc7ff4A4B79051eeD0A9EE,Umbrella Network,2022/3/20,0x1751E3E1aaF1A3E7b973C889b7531F43Fc59F7D0,0x0fdd9a2e32b8c36bc4827fb5fe5a2d5bb4bb49919a5c311cb0d5b5d37b98a3b2
0x580cac65c2620d194371ef29eb887a7d8dcc91bf,Bacon Protocol,2022/3/5,0x7c42f2a7d9ad01294ecef9be1e38272c84607593,0xacfcaa8e1c482148f9f2d592c78ca7a27934c7333dab31978ed0aef333a28ab6
0x49AB6aBd4be00Df45E5C8e8949Dd41389c34A704,HypeBears ,2022/2/2,0xE5ef688FDC204cE2Ff25DDc6D277077e1873c9b4,0x70977789e783b1d04d8d3054172fa22174f11ff401e4f466fceac0546749d377
0xc9d7cc5d224119c6a563a2aa2c5a49ebc97444d7,Multichain,2022/1/24,0x1fe7da409f3576e75029a5047dd3d41643c6383b,0x35c05c27532d8e19c09c53a2cffa9520e4a98573a8fcef2e62e33396c564394e
0x1469fd8b056e098d9035d3c7c9109e22a1f4ca86,Multichain_Exploit_6,2022/1/21,0xd37448ad7949c4ad8eba5aad1a0afdd3199971d8,0x575ae593dcdf46d91504414ffdd9fa81336d6dcea5f596ca1d6fecec3f169837
0xdc9524a8774dc2956bdb8b55fdf91938757f3185,Multichain Exploiter 15,2022/1/21,0x48e95755d473789e42adbab96334798475f945b3,0xccf6c2825cb12028e51baca013fbc4f88262b6c23c93d3972ed09bcd6fe99984
0x04ae3226c80e8c04d35e6e56089345bdd06da6de,Multichain Exploiter 10,2022/1/20,0x98f5b0a99f258a09403d965647ee9d53677914af,0xe962b06db95db1dedb8b1664bf93bb8816c0cfbd187693d2b1ccd295313c94e3
0x620e59769085f69d2712a53aa0436821218e1068,Multichain Exploiter 13,2022/1/20,0x34b21846ca6bf20264242f01cb8220982084edbd,0x3b88b285bf45740052ff71a74e74b60f564a46cffaaea3a56172702b085fc96d
0x1c85412702c7cda339f9343f5150422e5ddd5dac,Multichain_Exploit_4,2022/1/20,0xd37448ad7949c4ad8eba5aad1a0afdd3199971d8,0xc2eb1f7d462fdf60db0e75fb7cf0a347437df419620a7c47e0ed15800e30a976
0xec2e68042d79b0ca277e2c83d46295f25456986d,Multichain_Exploit_5,2022/1/20,0xd37448ad7949c4ad8eba5aad1a0afdd3199971d8,0x96ca4587f0b44eaa7c5df083d5de1bd43b4674416d4804aee6548b16ab87e126
0x85a8df6564517cd0a8501587db0cc74850f191d6,Multichain Exploiter 12,2022/1/19,0x455dcd7869b505b62448c9870fe1a544546d7357,0x21a8e6bb88dcb1acd529b5df02cbed6a6bc8e17193a841df01877ee346d347ce
0xa10d8a7cae8dae8019daa64095f309716264ebca,Multichain Exploit,2022/1/19,0xd37448ad7949c4ad8eba5aad1a0afdd3199971d8,0x89a1fbecc9ff1f1459843e4c67cf9b176e362f8332eba7135a1d17c05439cd65
0xa648904b6e812e2d847b87878a9a3f1d74e5af50,Multichain Exploit,2022/1/19,0xd37448ad7949c4ad8eba5aad1a0afdd3199971d8,0x63c7ee673db3f49437d595ae7288cd6edaf59e25284e5a3a45fdbb34d63ecaa3
0xca0bc229e2216a6ba6ef0278351ed6aa2303ddf6,Multichain,2022/1/19,0x455dcd7869b505b62448c9870fe1a544546d7357,0xd812b28a62847f9c6036a794c754cb243b0d20d6a215b361371c9201621b69af
0xb4f89d6a8c113b4232485568e542e646d93cfab1,Multichain Exploiter 1,2022/1/18,0x4986e9017ea60e7afcd10d844f85c80912c3863c,0xc84f5fb9d23c9f75a2e1479570de15c4865a2e3cbc363fd7d7c92ae04a42b127
0x7e015972db493d9ba9a30075e397dc57b1a677da,Multichain Exploiter 1,2022/1/18,0x4986e9017ea60e7afcd10d844f85c80912c3863c,0x791995a65bc6b8b143da6151ff4265f0030c6d12adc5e10b94e80464a9ed4413
0xb5c827fdbbee6f6e9df3a5cb499aedf5927de1b8,Multichain Exploiter 6,2022/1/18,0xfa2731d0bede684993ab1109db7ecf5bf33e8051,0x71bc04a3c444c480f18fbe30835b5bd0032a59b9dce0dc2024feb8fb7be5e818
0x183c9e9c8a787269024a20f2e3788764cd458f72,Multichain_Exploit_3,2022/1/18,0xd37448ad7949c4ad8eba5aad1a0afdd3199971d8,0x5078c0303f793f9e909ce365d5e1d707c2972814e0ba41aaefef15626fab23a2
0x6ceefd33a3dfe593706d116d5bc2fd04a9d9ade0,Float Protocol Fuse,2022/1/14,0xa2ce300cc17601fc660bac4eeb79bdd9ae61a0e5,0x8739ac3eca8aa859b313e3471b1d2550ad43592afd4fd7c64bac6dd6b9992b0e
0x38dccdef637383c2c36130bf816667c2e284e3a1,Vesper Finance VUSD_3,2021/12/30,0x6e6dab47fed8cc3dd141959dd057f73d12146ba4,0xf8387acb9aa7097c5bea3d3638a5c9df961ccca425a4e3dd16982e7d2d8516fc
0x2ccc076d1de2d88209f491c679fa5bde870c384a,SashimiSwap,2021/12/30,0xa8189407a37001260975b9da61a81c3bd9f55908,0x90b97079f8cf445c7831d12494633ca351040a6099595e8980c6be84bb8408bc
0x8f424918943f5dcf4d2bc6ffd377e6a95f34bf4f,Vesper Finance VUSD_1,2021/12/29,0x6e6dab47fed8cc3dd141959dd057f73d12146ba4,0x94b071359c8432a0d6d8a5e5970698946bcc47ed8a37e470f339528aa5753ecc
0x6cbdaea114d63f8b5bd1f550ee96f69d1bb27d97,Vesper Finance VUSD_2,2021/12/29,0x6e6dab47fed8cc3dd141959dd057f73d12146ba4,0x06da725d76cb224aeadb299a92264c6e70516d3b1b135a6bea8cf7163a0ad2b5
0x10C509AA9ab291C76c45414e7CdBd375e1D5AcE8,VISOR FINANCE,2021/12/21,0x8Efab89b497b887CDaA2FB08ff71e4b3827774B2,0xbe65cb0dd9f4619939cfeb56b3ef3a996e2b028b93fd66443abfa06d6df8e58d
0xbc48cd3265fd6d6cd413cd3e7082c27993baf8b2,Malicious Actor (Exploit Abuser),2021/12/21,0x11112f684cb88d43ca0e132e585e882606063fbe,0x9901c2669d7d00079e8f84aec48ed03c620d50077231ccd98a2fb869bfe72a9b
0x5111310d3026b47e68b73bca2c1d1804322b9f96,,2021/12/21,0xfa2731d0bede684993ab1109db7ecf5bf33e8051,0xcdd1f1f7f729e38e14e1cfe23f7403532baabcbb52b27dc0d4124693322e3c5e
0x016e20cad525bfb802ae3f12ecbcb64b5ad8410b,,2021/12/21,0xfa2731d0bede684993ab1109db7ecf5bf33e8051,0xa078f866085f7009ae7f097dbaa5ee688ff122aacfb2d0c9a251f4452f97e88d
0x682dcf2f4a6e46c222927a54529b4965fb313bf2,Malicious Actor (Exploit Abuser),2021/12/12,0x11112f684cb88d43ca0e132e585e882606063fbe,0x961f42e3a9986fb1ab15f2bc36434cb9e0d6739bf331cf83385c18204e895a89
0xf079d7911c13369E7fd85607970036D2883aFcfD,MONOX,2021/11/30,0xEcbE385F78041895c311070F344b55BfAa953258,0x3c25b170a1690602d994cdafad49805fa07e6309ab3a80ceccef0aed9f5271a7
0x3b1ea5b11d12452693f9bd290ac2100394e6850f,Malicious Actor (Exploit Abuser),2021/11/29,0x11112f684cb88d43ca0e132e585e882606063fbe,0x10c93b07d287419254869c45c2323df43110cfd294434694e7467d0f51465231
0x79dbe9bbde91a35fa8148a14084979a531fe57ea,Malicious Actor (Exploit Abuser),2021/11/27,0x11112f684cb88d43ca0e132e585e882606063fbe,0x07766fa0cb09dc5221763049c4a2fbbf3556c86604907d4d7360566cd9871911
0x137271e5bbd8070b1431fa5567873cee0281d467,,2021/11/26,0xfa2731d0bede684993ab1109db7ecf5bf33e8051,0x81050c3ad580b125796a63c5e1c9cd64c6ab25a0a34f410b96662de6775aab09
0x961D2B694D9097f35cfFfa363eF98823928a330d,CREAM FINANCE_2,2021/10/27,0x24354D31bC9D90F62FE5f2454709C32049cf866b,0xd253e3b563bf7b8894da2a69db836a4e98e337157564483d8ac72117df355a9d
0xed25e92a685b2ba14c3a6914e0ef3a9595bbbfd4,Chronic_Token_1,2021/10/26,0x8bC312fE6B289E95c23C6494dBf305a46F1c2761,0x17c18b25ce5c56f54f9b7b2f537c38353b16073f992c2aa2bec6db7854c5b565
0x0eaed32dae22d43ce7f5f36aac11e614700b1442,Chronic_Token_2,2021/10/26,0x8bC312fE6B289E95c23C6494dBf305a46F1c2761,0xe36c58ba98181d2bde57335cfd4b30d9d0abf0d967762872f3721d73ae3ded69
0x29a31031263ae15020e820f4b7faa3a5025bcbad,,2021/10/23,0xfa2731d0bede684993ab1109db7ecf5bf33e8051,0xb18377646e077574ebc4773cd6bdb6908f02c32ce4f5948e5543c4147033ae18
0xdFF832F6988E4a9E3FCfBfF4cc24d052143aba0E,CreatureToadz Derivative ,2021/10/21,0x82416784046af6e6CFc7FDA2B362dC6223Dd7b48,0xd9e10bad6b49efa18890eb216ac1a81c8f055fecb8a410595f4c40498a10b5ca
0xacc4caa999700a26acb03e096d0bd78942be60d2,Indexed_Finance_4,2021/10/15,0xba5ed1488be60ba2facc6b66c6d6f0befba22ebe,0x67218c68212ef17dc12697e1262685bd6b595ca472ba794c45fd5856c9deb884
0xfbC2e6B188013fC5eacd9944e6b8cEd2C467464A,INDEXED FINANCE,2021/10/14,0xBA5Ed1488bE60BA2FACC6B66C6D6F0beFba22eBe,0x9d79a5a7648f44e74b34166e1513f51695f517e2cbf096fd9ae795e5d0d4ea8e
0x7b9175d5c08642c6c2abd418a279135961be52b7,Indexed_Finance_1,2021/10/14,0xba5ed1488be60ba2facc6b66c6d6f0befba22ebe,0xf57a9218cf3ce054c1770db0206594860663d33d8dceb122f037e47854db3cf2
0x277e851587eb5da22b52a10f4788576e68150277,Indexed_Finance_2,2021/10/14,0xba5ed1488be60ba2facc6b66c6d6f0befba22ebe,0xd76d06a81b8e29f0348b68005ac395e3295586c921fbbae4deb60a0c92266983
0xb634c72a62e936a5bf3189de456ef0a571595b10,Indexed_Finance_3,2021/10/14,0xba5ed1488be60ba2facc6b66c6d6f0befba22ebe,0x89ff7a0c417870bfc8e5f4f1ae19426017a53134393f54fc7bab17392843b1a9
0x30e7d757006ae8f58edad2cf3f92b24e29b799ab,NowSwap_1,2021/9/14,0x5676e585bf16387bc159fd4f82416434cda5f1a3,0xe1271d241d3bc7ad65e763f30a8a864febd81ae4f69213a23cfec290da652a06
0x1baf1e57feeb33ab9853e87022c519cc954a918a,NowSwap_2,2021/9/14,0x5676e585bf16387bc159fd4f82416434cda5f1a3,0x407cdc8ee6663e0da84f72b1b3f16b3f3a44749ec97a9684986f241f4fb0d2d2
0xa14660a33cc608b902f5bb49c8213bd4c8a4f4ca,NowSwap_3,2021/9/14,0x5676e585bf16387bc159fd4f82416434cda5f1a3,0xe8a689ba79028e28e0289af956ee6970bb8e9bdef453875c252f9e01bfed3f68
0x32d77947aACa79FE5485560C16090721725f2B84,Cream_Finance_1,2021/8/30,0x8036EbD0Fc9C120BA0469ffCB27b204AA06aaF1F,0x8b2b5133e647e563f70b0ae4cf81e24bc675094ae76b40f5115273c07d98e5f1
0x38c40427efbAAe566407e4CdE2A91947dF0bD22B,Cream_Finance_2,2021/8/30,0xcE1F4B4F17224ec6df16Eeb1e3e5321c54Ff6EDe,0xc1b523bbf29861c8737a22459f0c973aea923098f353fb3718994ec756c35ee9
0xbd51Cb8c06F768d3225b613B79B1386F4c83D1FA,Cream_Finance_3,2021/8/30,0xcE1F4B4F17224ec6df16Eeb1e3e5321c54Ff6EDe,0x478d724da4e6125c889053ccf6068ed0f8f8013dd20bc80bab6a203542c3f93d
0x2E95B91FA678b47660aBA811B74a28Ca1F4ED111,Cream_Finance_4,2021/8/30,0xcE1F4B4F17224ec6df16Eeb1e3e5321c54Ff6EDe,0x03685dd50cef14dd78e105045f2b185e10c83fa46cb0b677f9b31169127b2337
0x256aabFcC66bdA3e63caE35166e7AC339cc59Bf3,Cream_Finance_5,2021/8/30,0xcE1F4B4F17224ec6df16Eeb1e3e5321c54Ff6EDe,0xd7ec3046ec75efbd04b3eea8752a8a6373a92c0dd813d08b655661054d3239c5
0x862c8b2e8eA56760Ea1d4301eeEC131f493052ba,Cream_Finance_6,2021/8/30,0xcE1F4B4F17224ec6df16Eeb1e3e5321c54Ff6EDe,0x454753361f29e90c1974f885d43885183112d8b511614387606bb696126f6bd8
0xa63d4dE7B8e56eA26C7537BFd619Cc6ea043932A ,Cream_Finance_7,2021/8/30,0xcE1F4B4F17224ec6df16Eeb1e3e5321c54Ff6EDe,0x0d069184cbc6ae1093504be721c36b731e40b0d040f9611ff2c5838ec64ab150
0x4A82E7979a78E03a06d6C3117f3C83966d72fdeC,Cream_Finance_8,2021/8/30,0xcE1F4B4F17224ec6df16Eeb1e3e5321c54Ff6EDe,0x69516d65b69d42be882ce80b623add76bff9a8d1514d7fb9f6ccf7d26d635bbc
0x203e6E1B54f768dB740770c4Ac23b70CCe1BC67E,Cream_Finance_9,2021/8/30,0xcE1F4B4F17224ec6df16Eeb1e3e5321c54Ff6EDe,0x33b03c31e9d89bf9cb59658d4459367f33cb49046b4bcf3bfd882ee7eb2533aa
0x2Ab93b65AA461209de902Fb9264484C84e32aD9b,Cream_Finance_10,2021/8/30,0xcE1F4B4F17224ec6df16Eeb1e3e5321c54Ff6EDe,0x6b6c24f460c244be51214e3bc91e9dc7ed3ab980c47865fd47c89fae28bb3e4c
0x8Ea53Ff4d57c5692140d13524497f797184641Cd,Cream_Finance_11,2021/8/30,0xcE1F4B4F17224ec6df16Eeb1e3e5321c54Ff6EDe,0xe2954100f414867ba3429085b249490a23d52190d5f5d235805ba4d58dd95c04
0x3292818dB514DA53C566dfb791b12a4F78462D54,Cream_Finance_12,2021/8/30,0xcE1F4B4F17224ec6df16Eeb1e3e5321c54Ff6EDe,0x4671b1cb652230255c638b9036eb995db92c4efeca3473f39b0f39f9f0779d64
0xFe543106A3d997A2DA35Ef51b6efaA80067e806E,Cream_Finance_13,2021/8/30,0xcE1F4B4F17224ec6df16Eeb1e3e5321c54Ff6EDe,0x44caaccbc241340e843fc6f7af042fe15694b60c583e57d256131c106e0295a4
0xc51bdC9aeBBa23aEA787D6e535e2725448D36e65,Cream_Finance_14,2021/8/30,0xcE1F4B4F17224ec6df16Eeb1e3e5321c54Ff6EDe,0xa2c14b11d3ec37c99e76bc88ee8cf899e51130e51ce2f76935af1ba6679e663a
0x4287230914dCd9b686b52e53f2EF476BAf8e5a19,Cream_Finance_15,2021/8/30,0xcE1F4B4F17224ec6df16Eeb1e3e5321c54Ff6EDe,0x1d6e1dda9fff4ab6075518f3b3b9a9ec3ce9d005eb97151e07ce0ff75727a0ad
0xBc82aB5A82235bb0166668CbB1C2B3a07cb99624,Cream_Finance_16,2021/8/30,0xcE1F4B4F17224ec6df16Eeb1e3e5321c54Ff6EDe,0x6ca5ec7fa88fe50cefd4a140eeb0e8edfd3225eebacf2c6a4f41e4d4784f9ebc
0xB2d6cDFC19904Ef4a207D0075a6E3C9B1A0fA64E,Cream_Finance_17,2021/8/30,0xcE1F4B4F17224ec6df16Eeb1e3e5321c54Ff6EDe,0xbe91bacdb6c2a77dd6fcc15d8f7f7a30fa9b8a9daf30dd80b3c7f34e80e2a10d
0x5567Ca4FCBB866DaDd40f0F8f61Daa755225E868,Cream_Finance_18,2021/8/30,0xcE1F4B4F17224ec6df16Eeb1e3e5321c54Ff6EDe,0x39dad8dfeab1a3ec81ee57d536ecc837ad1854ddd5d96161f24afb5b96166b38
0xdf9c98EFECA3FB4e98Ff1F897a8A915d947f158b,xToken_2,2021/8/29,0x1dcC7f61C24A91eb00E26A56730c0879c275958A,0xb9e7f2d73efeb77079edf49a8ba65732dbff4aec790ccf6141a48522b71cb2d4
0x1695CE70DA4521Cb94DEA036e6ebCf1E8a073ee6,Punk_Protocol_1,2021/8/10,0x1D5a56402425C1099497C1AD715A6b56aACcB72B,0x2d636161292b293ee1a07da79239d1298828e803f81d525954bb4160f2704c2e
0x1c39e47a2968f166a11c4af9088dd45ccd13b13d,Punk_Protocol_2,2021/8/10,0x1d5a56402425c1099497c1ad715a6b56aaccb72b,0xecad79a50a1dba1148c22f99d4b4c88eae02bf0bc87c414eb37ca4583f5798e0
0xdFb6faB7f4bc9512d5620e679E90D1C91C4EAdE6,Popsicle Finance,2021/8/3,0x3A9D90eD069021057d9d11E78F142F2C4267934A,0xb15912667e8d66e11a56c85a69018b024aa6b1a9a411b4b958cb07e2d3484f52
0x700196E226283671a3de6704EBCdb37a76658805,THORChain_2,2021/7/22,0x8c1944FAC705ef172f21f905b5523Ae260F76d62,0x9ae5ddabc94e6bb3eaaa49a56fa332c43fb1d5c5d79bfa24177b359e60bcb2d2
0x9cb5b130f977fa3b82994993abec23ce71eb45cd,THORChain_3,2021/7/22,0x8c1944FAC705ef172f21f905b5523Ae260F76d62,0xbd8bd456057f5123b09031ef571e5c1c7caed1378acc30175a864d9859a3c1f8
0xd95e6eab231b9f3afa24c31c7050bd84c2982072,THORChain_4,2021/7/22,0x8c1944FAC705ef172f21f905b5523Ae260F76d62,0xd8e1cef2499b31b7671bcef3e97e20b09ea01756441ac5d7997242b185d71990
0x1bcf9edb72f7650dfcdc59ae3b8a73d35a2f2902,ChainPort_1,2021/7/21,0x5c1fe6f340dd36b5daf88c2cf390bf715d2af139,0x241ef83bc88e1bb136cdbd2c3d2cec2324778cf2b8ac995fb87191465c600ed2
0x289e90e739a797ca53319e7a225a15f587e16d4f,ChainPort_2,2021/7/21,0x5c1fe6f340dd36b5daf88c2cf390bf715d2af139,0xb6dffcc12a6d7d617842d0d1f9dfd47eab02af3d9325e162d5e32c2366fa3394
0xe30DC9B3c29534E9b4e9A166c2f44411163aD59F,Sanshu Inu,2021/7/20,0x0333E323E61aa8aFA38A1623604A165dCB9F4fEC,0x2193f018f6e12236c298cf89eac07c80d8cf7a3635a75a57407632be0c2014d4
0x4A33862042D004D3fc45E284E1aaFa05B48e3c9C,THORChain_1,2021/7/15,0x08416a6823E5090e5605300fb8b48eE2053555B0,0xda39a3fc453761f4d6d7f11feaab1a98e027323a244f7145ac1a9365846a070a
0x2dee6534f3cb8251099e8dc687c19e57349e2794,Bondly_Finance,2021/7/14,0xc433d50dd0614c81ee314289ec82aa63710d25e8,0xc8172c682e7458caff1069274799b1db194b02194c792c2bb2b087be915d3641
0x1171f6f26aa5b5a36c91c0ee4e3f9050458a299c,Cream_Finance_1,2021/7/13,0x8036ebd0fc9c120ba0469ffcb27b204aa06aaf1f,0xb39aa0ab786b79217e9598130d0561c1269f29f826dfa802213f4a31b66896ee
0x517c451e8cdb96172a89486e59113cd62686f4ab,Cream_Finance_2,2021/7/13,0x8036ebd0fc9c120ba0469ffcb27b204aa06aaf1f,0x54cd2312268a4ecde80c1c8015bbd9d23b23062bf51dee3c50998e0611a358c2
0x2ce529ca2480f646ebdf3ad6ae8b571258b18ee6,Cream_Finance_3,2021/7/13,0x8036ebd0fc9c120ba0469ffcb27b204aa06aaf1f,0x8b45f38a0878d1c5117834ea4411ee5a9ab1d32e9332655bdf7301bc011e5c4d
0xc625d4197214a06c7d14352496428f3dc0960d38,Cream_Finance_4,2021/7/13,0x8036ebd0fc9c120ba0469ffcb27b204aa06aaf1f,0xa63de1b90f4271ce0b4214261ffc3d9c07c02fff04520a606d33118a1a2acea7
0x74602187ac3c302a07f5a62f40a07fdc52384be9,Cream_Finance_5,2021/7/13,0x8036ebd0fc9c120ba0469ffcb27b204aa06aaf1f,0x48d603a98481d375efed2e2e01b012c1a343000a7e3ff4819514401768726266
0x593ad5787ba66e8da119092e911d45529518f3fc,Cream_Finance_6,2021/7/13,0x8036ebd0fc9c120ba0469ffcb27b204aa06aaf1f,0x19c03c40101209d273da7b2d55779e5d174835487cadee5cbffccc7a127c8951
0xe2a3369e9ce47f5bacdef32e120225ea3e2d4944,Alpha_Homora_V2_1,2021/7/10,0x905315602ed9a854e325f692ff82f58799beab57,0xc78664e7e24b7723aed85d7c9f86113cd128b82087be9db6efef3e68b76f662f
0x809e2acefa42ceecd34292b5f425d17ad5f33f12,Alpha_Homora_V2_2,2021/7/10,0x905315602ed9a854e325f692ff82f58799beab57,0xec02ffba2dbe706be790cb7d86fe6e9eac9c090ed436907bafef76b98b2a2dca
0x783e65006319b7fdb7c207b6ca4118c945dad1f8,Alpha_Homora_V2_3,2021/7/10,0x905315602ed9a854e325f692ff82f58799beab57,0x629ccd0b003c9b2b62379c0f0c3dda9050a292b705dbefb736ac78a7642fe3ea
0x80fec3e39a513eb61743a8546244403de3bea8ce,ChainSwap_2,2021/7/9,0x941a9e3b91e1cc015702b897c512d265fae88a9c,0xcc7899df9f7d418d0dcedd90d526dbeed2d33096e9c0e7961eda27f76688a90c
0xdba351f902c8cd525329e2d38b0e1e8343a0d7b5,ChainSwap_1,2021/7/3,0x941a9e3b91e1cc015702b897c512d265fae88a9c,0x7f777a94444ff4c85b00698e918e5b340afdd6d6ae95431ca0b91b3da1fec477
0xc5ac25cfc2b8284e84ca47dad21cf1319f732c11,xToken_1,2021/5/12,0x07e02088d68229300ae503395c6536f09179dc3e,0xae03b08f220e5d7750e97e67ea85ac6e69649f6fd6d8324434f341e094cef43d
0x2f755e8980f0c2E81681D82CCCd1a4BD5b4D5D46,Rari Capital,2021/5/8,0xCB36b1ee0Af68Dce5578a487fF2Da81282512233,0x5239c41f25be59a75c57d9f011af870b4075e76c0ca24ce6ad5b7b145cf249e0
0xeaA86ddd49D8907c939413e92888536E4587Bd9A,ROLL,2021/3/14,0x5fe4e7124d1DA9046Edc67A6499b565241be0167,0x91cf4479b60a7187101b515dee1936702bdbd9937688822c8ef086532d16f9f7
0x910FD17B9Bfc42A6eEA822912f036EF5a080Be8A,DODO,2021/3/8,0x368A6558255bCCaC517da5106647d8182C571b23,0xb704a53483a05c0e82f9bfa51a18bc6a61a666df37cd5413277d26b678cb3958
0x86765dde9304bEa32f65330d266155c4fA0C4F04,FURUCOMBO,2021/2/27,0xb624E2b10b84a41687caeC94BDd484E48d76B212,0xe4bfbe55b505b20135351f30cf47e553b145fdc3dca4619df8f0eb6454e4f883
0x62494b3ed9663334E57f23532155eA0575C487C5,Yearn Finance,2021/2/24,0x14EC0cD2aCee4Ce37260b925F74648127a889a28,0xf1dce75753f10c51bc58ccd78d5b5099d09a22a2b03062ea3699c0785f6ce709
0x230e9536872D0b19f593c26Aa416B954a6fB6692,Primitive Finance,2021/2/22,0xD35700A5121d3e5A85Af7e4720ae9C0012530bF7,0xd68d7efe8614494837c4c7e2927e33e2d5f6bfc72be6ed269767a732da09dc75
0x560A8E3B79d23b0A525E15C6F3486c6A293DDAd2,ALPHA FINANCE,2021/2/13,0x905315602Ed9a854e325F692FF82F58799BEaB57,0x2b419173c1f116e94e43afed15a46e3b3a109e118aba166fcca0ba583f686d23
0x54b5ae5ebe86d2d86134f3bb7e36e7c83295cbcb,BT.Finance Exploiter,2021/2/8,0x358abccb4f5bb715482271890929fdabb3015878,0xf792f288e0e23e0d65136de3f309572e29890735586cbd21589fd8bd5ce0cded
0xdF8BEE861227FFC5EEA819C332A1C170Ae3dbACb,Wrap Finance,2020/12/17,0xeBc6bD6aC2C9AD4adf4BA57E9F709b8B9CF03C40,0x40314753457a15b21e6c67b981e08fc881750c609fd91b4eeb365a06d969be82
0xEacfF4dAb085588AE3637d261a492fAD2C2d193a,Sushiswap,2020/11/28,0x1925e832C22522E0d9947eE4677120b2f28E4cD4,0xcb6dd8748b378e357c7a3dc49bc7d55799106ae0144eb7b722ab7e7b78e21126
0x2B0b02ce19c322b4DD55A3949B4Fb6e9377f7913,Pickle Finance,2020/11/21,0xbaC8a476B95eC741E56561a66231F92bc88bB3a8,0x9a7ff500d261c3cfe4fff29dc27adc63b3db8a5b37373d44b67fc3c1525c25fc
0x75aa95508f019997aeee7b721180c80085abe0f9,Generated_by_0x2B0b_1,2020/11/21,0xbac8a476b95ec741e56561a66231f92bc88bb3a8,0xe72d4e7ba9b5af0cf2a8cfb1e30fd9f388df0ab3da79790be842bfbed11087b0
0x02c8364546ec849e1726fb6cae5228702b111ee6,Generated_by_0x2B0b_2,2020/11/21,0xbac8a476b95ec741e56561a66231f92bc88bb3a8,0xe72d4e7ba9b5af0cf2a8cfb1e30fd9f388df0ab3da79790be842bfbed11087b0
0x8739c55df8ca529dce060ed43279ea2f2e122122,Generated_by_0x2B0b_3,2020/11/21,0xbac8a476b95ec741e56561a66231f92bc88bb3a8,0xe72d4e7ba9b5af0cf2a8cfb1e30fd9f388df0ab3da79790be842bfbed11087b0
0xa2da08093a083c78c21aeca77d6fc89f3d545aed,Generated_by_0x2B0b_4,2020/11/21,0xbac8a476b95ec741e56561a66231f92bc88bb3a8,0xe72d4e7ba9b5af0cf2a8cfb1e30fd9f388df0ab3da79790be842bfbed11087b0
0xa445e12d69e8bd60290f6935d49ff39ba31c6115,Generated_by_0x2B0b_5,2020/11/21,0xbac8a476b95ec741e56561a66231f92bc88bb3a8,0xe72d4e7ba9b5af0cf2a8cfb1e30fd9f388df0ab3da79790be842bfbed11087b0
0xe2307837524Db8961C4541f943598654240bd62f,AKROPOLIS,2020/11/12,0x9f26aE5cd245bFEeb5926D61497550f79D9C6C1c,0x431af3fbce70dbc880f24d62f5dcecea7fa79becf16495563c7cbd283ca8a853
0xc6028a9Fa486F52efd2B95B949AC630d287CE0aF,HARVEST FINANCE,2020/10/26,0xF224ab004461540778a914ea397c589b677E27bb,0x117f502fb08f575c8e1dc11d80094d177e2cdcf09b12a8bc121e49fd32f9c6d1
0x2Df9c154fe24D081cfE568645Fb4075d725431e0,TempleDAO,2020/10/11,0xd3127a793dAF3AA9424525E893B494D17e798d39,0x34d996b92754dc3895a52bca07f6785d62d161f95b364f81d2c5d87e40cd44c8
0xe7870231992Ab4b1A01814FA0A599115FE94203f,Opyn Protocol,2020/8/4,0x915C2D6f571d3d47A182Dd59D5F41e87d4c3fb8E,0x24a937ceeb5d08ce9d76537180d3fd5eb5e30d9b5e3df4db8ffb6ef2c396f391
0x327bb6e6fff2c05e542c63b0fcfdd270734738ef,MultiSig Exploit 8,2020/7/13,0x0019a83251136740569c9d30ce6f22b1cb3acc87,0x4288581b6783d84c5afa82c72d82e529b53053e555bb93bb320983dd6715dd95
0xFF6f7E421CAc8b488634C7A8275093A62075A1c6,Balancer,2020/6/29,0xbCDa27649b5872274F10ff6CaAFA29ffc5D54607,0x48164302b6aa75a14ef4062cadb09fdd64e4b193fac50a8c5008117c77dbcd8f
0x538359785a8D5AB1A741A0bA94f26a800759D91D,Lendf.Me,2020/4/29,0xA9BF70A420d364e923C74448D9D817d3F2A77822,0xb7449a3a2a36bb3997162fc02759dc4924f098703a4cc7977dbfc540d3ed1168
0xBD2250D713bf98b7E00c26E2907370aD30f0891a,Uniswap ,2020/4/18,0x60f3FdB85B2F7faaa888CA7AfC382c57F6415A81,0xfd92e015cf8d68361c23ba8fe0c359c6541c7af73f51def90613f10ef39f3ce7
0x360f85f0b74326cddff33a812b05353bc537747b,bZx Exploiter 2: Contract,2020/2/18,0xb8c6ad5fe7cb6cc72f2c4196dca11fbb272a8cbf,0x625462b2ea481f47ec00346b77053eba49d25134ec81f3f57c85aafd21056308
0x50ae462a6b05c72e48dcf683a651e3d06cde4100,bZx Exploiter 1: Contract,2020/2/15,0x148426fdc4c8a51b96b4bed827907b5fa6491ad0,0xb5c8bd9430b6cc87a0e2fe110ece6bf527fa4f170a4bc8cd032f768fc5219838
0xbead32e8d8fb4fae7b08c4b3253b3cfe05e2c0de,bZx Exploiter 1: Contract,2020/2/15,0x148426fdc4c8a51b96b4bed827907b5fa6491ad0,0x70cb2192d2bbd6245513c79cf94f2f21a408b7cf98cb53af9f16a1e9be0c1742
0xee001c024fdc16bc24638a579a52732189c7cb0d,bZx Exploiter 1: Contract,2020/2/15,0x148426fdc4c8a51b96b4bed827907b5fa6491ad0,0xbfbf6f1a9798bcc8d9ea37ecaf869fcc6634fd828db7a1b84250e06ad84a5110
0x3d2b9f6a5ae61be1dfc52d9b1f807caeab60cdde,bZx Exploiter 1: Contract,2020/2/15,0x148426fdc4c8a51b96b4bed827907b5fa6491ad0,0xe6ab9f66484bfe248c83125e80763b93053fbc7fda249f5fba0d6016d751f579
0xed4086231fac17e04cb478448ae1439c57820b4d,bZx Exploiter 1: Contract,2020/2/15,0x148426fdc4c8a51b96b4bed827907b5fa6491ad0,0x2683a355d93c649d3b9fa74d7556dca2f28ec70577ce7e9b267279c138caf4e4
0x3ec7755d6ee9d0b9f3ca7ca189377d04237ffbd6,bZx Exploiter 1: Contract,2020/2/15,0x148426fdc4c8a51b96b4bed827907b5fa6491ad0,0xa468b200555dadaac2f1b31373b3bcf780be2d268b7bda45f485075a751876c8
0xc56715d2d8c1dcf40a17edb2d1fb2c77cd3aa0bf,bZx Exploiter 1: Contract,2020/2/15,0x148426fdc4c8a51b96b4bed827907b5fa6491ad0,0x956829212332bf9a22ef7e35f0c60d91e237770bfa2b33b1ad55ee0ab3d7f4e3
0x766ff07bf20289ea236cbc392dbd03469091cf7f,bZx Exploiter 1: Contract,2020/2/15,0x148426fdc4c8a51b96b4bed827907b5fa6491ad0,0x767c2eadeeadbeb96d733acd2522b1f15ba60f4b9d254d77e952561f72333251
0xbebb19bda59ab9e5b444018114ca37e82bbd93fc,bZx Exploiter 1: Contract,2020/2/15,0x148426fdc4c8a51b96b4bed827907b5fa6491ad0,0x798aeb81f16d7b9d69f6d311264963efff6251598a4fa518948de30a823d7351
0x0de0dd63d9fb65450339ef27577d4f39d095eb85,bZx Exploiter 1: Deployer,2020/2/15,0x296e3345e3da85181ff279dd36e6054d73da3717,0x316f42c37c4707b7647d029367050b3a1bc5e3d2e0707f5232c09dab5c2e0dfb
0x01b09c9a2a67a829b5d54affd0233821b43632a5,bZx Exploiter 1: Deployer,2020/2/14,0x296e3345e3da85181ff279dd36e6054d73da3717,0xefc84b5610ad0eb4ee3a83b627e5500ada492a984c5bef1f513e03e202f38540
0x4f4e0f2cb72e718fc0433222768c57e823162152,bZx Exploiter 1: Deployer,2020/2/14,0x296e3345e3da85181ff279dd36e6054d73da3717,0xf9281de88c301a6b86bc869e028ebc952a9f28c20a95d8288754dea4a886bcab
0xc5918a927c4fb83fe99e30d6f66707f4b396900e,Spankchain ,2018/10/7,0xcf267eA3f1ebae3C29feA0A3253F94F3122C2199,0xce3a58b81273b3e7735fccdce0ea5f664720d8a23d0c4471379fed01acb4837b
0x3cfa453effca013f22eaa4747549a88f0d9a2838,Multichain_Exploit_2,2017/12/25,0xd37448ad7949c4ad8eba5aad1a0afdd3199971d8,0x215b4c2f833de2641fd773963c1fb13802c07129e39c5db6d416e664bf662a27
0x206abd611e599dcf43eb326f71bcfe822f7387c7,Multichain_Exploit_1,2017/12/24,0xd37448ad7949c4ad8eba5aad1a0afdd3199971d8,0x87b94774652df9c0be2be93d060d9fc72102c7c3ecd8ffa3262850337491d2f7
0x9f82984f02f42b31f24d37799c9d63604f9a6f15,MultiSig Exploit 10,2017/7/19,0x00730819b8b1f47022a9a40c6cc55b8014c4c2da,0x8aa573b31b9f24b5547d3abe3c7a2c3d5b396e13c85fad1e56654ebfc92ed23d
0xb4e63046001074b223872137174eec63a7e12cf5,MultiSig Exploit 3,2017/7/19,0xae5d619439631b8f686eef51cba1b9833cd06887,0x81984c1e8ed4befe7fce952e2c45229a1d5ec69ddff5ce18ac2602acc22adbcc
0xd74401db32ddd23127e7823887c5ca4d81631793,MultiSig Exploit 7,2017/7/19,0x001ffd2e576f1899d66ea4b2fc9876c7a9fd0851,0x4be506a04a8e8154df53f11bbe2e7f07a1db663dcad16e355307592e9bf22f8f
0x164c2b90f83b67d897ff00899695430841e38536,MultiSig Exploit 4,2017/7/14,0x1dc13a6276219040dae085eeba0ed5e94553767a,0xa0dd10918860b2a144682c7dee77be3f3d174c09ab5a6b0c96842e4d16b4f152
0x7f379a0d99d224d487ae4751cbf261ae6037153e,MultiSig Exploit 5,2017/7/14,0x022c5b41084d0806b92726950657ba3f091ae92d,0x52fcd1bcc571d5e3e6aa93a818871649eb09e8d3815e0d543168da0914cc998c
0x3b135dbf827508d8ed170548f157bdcd2dc857d3,MultiSig Exploit 9,2017/7/11,0x00e8005cd0ec82874851f2e4260aa72a044ed88f,0xf807a15edd36f1d4aab9e4716f4ec82b0a59f659572c62a517b882ee5d895cc7
0xb3740cefcc201d5cf1fa59143976332563314d82,MultiSig Exploit 2,2017/7/7,0x00b260bb482c0e1ac096971c0a36af105dd356aa,0x3f55029a9c79ae7a221a2d4f2e3046f99937ee2a7aae2403f67cec84ceaeaf86
0xce9f93eb7f78fcb7e7d222c81f258535dc218d4b,MultiSig Exploit 1,2017/7/7,0x00e0689e16232945f97c27bde102a054e2108670,0xb1e60a1cf2715fc99356d3731e44538bb39d0687e3f7beb6c1f6a7702cd19f97
0xb32db51ba30c80a21a775635c1b6d6a01754fd06,MultiSig Exploit 6,2017/7/5,0x0029d396902d034b3afe2a1d81d7cb9706d7d694,0xed3618e6e9447414ef9da6bbccb33f055d79ff9ce81e40b6889cfa26ae9e5973
0xC0ee9dB1a9E07cA63E4fF0d5FB6F86Bf68D47b89,The DAO,2016/6/15,0x969837498944ae1dc0dcac2d0c65634c88729b2d,0x892503709f0b2de693de71bd6eea8b9c67952bb8d1bb8b9ba9307db92ff46c6f
